partido_nombre,candidato_nombre
AVANCEMOS NARIÑO,ALEJANDRA GABRIELA ABASOLO GOMEZ
AVANCEMOS NARIÑO,EDGAR FERNANDO RAMIREZ BRAVO
AVANCEMOS NARIÑO,CARLOS ANDRES CUAICAL CHAPI
AVANCEMOS NARIÑO,DEY YAMA CORDOBA
AVANCEMOS NARIÑO,ROBERT WILSON SALDAÑA BASANTE
PARTIDO LIBERAL COLOMBIANO,JULIO ANIBAL ALVAREZ LOPEZ
PARTIDO LIBERAL COLOMBIANO,SERGIO ANTONIO MUÑOZ CASTILLO
PARTIDO LIBERAL COLOMBIANO,ALVARO JAVIER ZARAMA BURBANO
PARTIDO LIBERAL COLOMBIANO,SONIA ZORAIDA CIFUENTES MELO
PARTIDO LIBERAL COLOMBIANO,NATALIA ROMERO VEGA
MOVIMIENTO POLÍTICO PACTO HISTÓRICO,ERICK ADRIAN VELASCO BURBANO
MOVIMIENTO POLÍTICO PACTO HISTÓRICO,ROSITA ROSAURINA GUEVARA ROSERO
MOVIMIENTO POLÍTICO PACTO HISTÓRICO,CHRISTIAN HOSEP PALACIOS LEDEZMA
MOVIMIENTO POLÍTICO PACTO HISTÓRICO,YENNI XIMENA RODRIGUEZ GUERRERO
MOVIMIENTO POLÍTICO PACTO HISTÓRICO,JUAN CAMILO GONZALEZ DELGADO
ALIANZA POR NARIÑO,JHON ALEXANDER ROJAS CABRERA
ALIANZA POR NARIÑO,MIGUEL ALEJANDRO HUERTAS ERAZO
ALIANZA POR NARIÑO,JULIA MARGOTH BOLAÑOS MORILLO
ALIANZA POR NARIÑO,JESICA NATHALIA RODRIGUEZ BENAVIDES
ALIANZA POR NARIÑO,ALVARO MARINO PALACIOS MORA
PARTIDO CONSERVADOR COLOMBIANO,CARLOS ALBERTO PANTOJA CORTES
PARTIDO CONSERVADOR COLOMBIANO,JUAN DANIEL PEÑUELA CALVACHE
PARTIDO CONSERVADOR COLOMBIANO,NILZA MARIA PANTOJA AGREDA
PARTIDO CONSERVADOR COLOMBIANO,EDGAR ILICH RUIZ REYNEL
PARTIDO CONSERVADOR COLOMBIANO,CARMEN ILIA GUAQUEZ CHASPARIZAN
PARTIDO DE LA U - EN MARCHA,TERESA DE JESUS ENRIQUEZ ROSERO
PARTIDO DE LA U - EN MARCHA,MANUEL ANTONIO HORMAZA ZUÑIGA
PARTIDO DE LA U - EN MARCHA,CLAUDIA INES CABRERA TARAZONA
PARTIDO DE LA U - EN MARCHA,DANIEL GUERRA ZARAMA
PARTIDO DE LA U - EN MARCHA,LILIAN LUCERO QUINTERO SUAREZ
PARTIDO CAMBIO RADICAL,YISELA ALEXANDRA MARTINEZ GOMEZ
PARTIDO CAMBIO RADICAL,EDUARDO ANDRES ZUÑIGA SOLARTE
PARTIDO CAMBIO RADICAL,ANDRES CAMILO PABON PANTOJA
PARTIDO CAMBIO RADICAL,MELISSA FERNANDA BASTIDAS BASTIDAS
PARTIDO CAMBIO RADICAL,HANSELL SMITH BENAVIDES CUARAN
PARTIDO CENTRO DEMOCRÁTICO,LUCY JAKELINE PEREZ ERIRA
PARTIDO CENTRO DEMOCRÁTICO,JUAN PABLO ERASO ERASO
PARTIDO CENTRO DEMOCRÁTICO,MARIA ALEJANDRA PATIÑO DAZA
PARTIDO CENTRO DEMOCRÁTICO,MELCHOR MILITON MARTINEZ VALDELAMAR
PARTIDO CENTRO DEMOCRÁTICO,CATHERINE ASTRID FIGUEROA MARTINEZ
PARTIDO POLÍTICO DIGNIDAD & COMPROMISO,MANUEL ALEJANDRO PANTOJA RODRIGUEZ
PARTIDO POLÍTICO DIGNIDAD & COMPROMISO,FLOR ELIZABETH CUASQUEN LASSO
PARTIDO POLÍTICO DIGNIDAD & COMPROMISO,JUAN FELIPE MONTENEGRO VILLOTA
PARTIDO POLÍTICO DIGNIDAD & COMPROMISO,FABIO ESTEBAN CORAL BENITEZ
PARTIDO POLÍTICO DIGNIDAD & COMPROMISO,KAREN MELISSA YEPEZ LARA
PARTIDO COLOMBIA RENACIENTE,LUZ NEREIDA HERRERA VALENCIA
PARTIDO COLOMBIA RENACIENTE,CIELO CLARET MARQUINEZ
PARTIDO COLOMBIA RENACIENTE,CRUZ ANTONIO PAZ COLORADO
"MOVIMIENTO ALTERNATIVO INDÍGENA Y SOCIAL ""MAIS""",VALENTINA GUTIERREZ ARAUJO
"MOVIMIENTO ALTERNATIVO INDÍGENA Y SOCIAL ""MAIS""",LINDERMAN ADRADA LOPEZ
"MOVIMIENTO ALTERNATIVO INDÍGENA Y SOCIAL ""MAIS""",DORIS ELENA JACANAMIJOY JACANAMIJOY
MOVIMIENTO UNIDAD EN MINGA POR COLOMBIA,AIDA PETRONA SUAREZ SANTOS
MOVIMIENTO UNIDAD EN MINGA POR COLOMBIA,CARLOS MARIO CALVO LARGO
FUERZA ANCESTRAL,GERMAN VALDERRAMA MEDINA
FUERZA ANCESTRAL,DERLY TATIANA ARTUNDUAGA TOLEDO
ASOCIACIÓN DE CABILDOS INDÍGENAS ZENÚ ORICO,RAFAEL JACOB RIVERA HOYOS
ASOCIACIÓN DE CABILDOS INDÍGENAS ZENÚ ORICO,ANA JULIA TEVAR AYALA
ASOCIACIÓN DE CABILDOS INDÍGENAS ZENÚ ORICO,KATHERINE ORDOÑEZ VELASCO
ACMIZSAM,ALBA LUZ RINCO ZUBIRIA
TRIETNICO GOBERNATIVO TRIGO,RODOLFO ALDRIN CAMACHO MENDOZA
TRIETNICO GOBERNATIVO TRIGO,TULIA PINEDA HERNANDEZ
TRIETNICO GOBERNATIVO TRIGO,HUMBERTO JOSE MENA ROMERO
PARTIDO INDÍGENA COLOMBIANO P.I.C,MARCELINO CHINDOY CHICUNQUE
PARTIDO INDÍGENA COLOMBIANO P.I.C,JHONY APARICIO RAMIREZ
PARTIDO INDÍGENA COLOMBIANO P.I.C,MAGNOLIA MORALES ZAMORA
"ASOCIACIÓN NACIONAL INDÍGENA DE COLOMBIA ""ANIC""",JUAN CARLOS JARAMILLO CHICUNQUE
PARTIDO INDÍGENA ZENÚ (PIZ),RAFAEL SAMIR GOMEZ HOYOS
PARTIDO INDÍGENA ZENÚ (PIZ),MARTHA LILIANA SOLANO ROSARIO
CABILDO INDÍGENA TEVIS,ERMES RAFAEL URZOLA DE LA BARRERA
PARTIDO ECOLOGISTA COLOMBIANO,BENILDO ESTUPIÑAN SOLIS
PARTIDO ECOLOGISTA COLOMBIANO,ALMA EVELYN PHYSCO CANENCIO
PARTIDO ECOLOGISTA COLOMBIANO,LINER CAMPO TEJEDOR
CONSEJO COMUNITARIO EL NARANJO,OSCAR DAVID BENAVIDES ANGULO
CONSEJO COMUNITARIO EL NARANJO,ANYELA VIVIANA GUANGA MARQUINEZ
CONSEJO COMUNITARIO EL NARANJO,JOSE FRANCISCO IBALDE IBARRA
ASOCIACIÓN AFRODESCENDIENTE PACÍFICO POR LA PAZ,DINA LUZ BENITEZ BALCEIRO
ASOCIACIÓN AFRODESCENDIENTE PACÍFICO POR LA PAZ,ANGEL ARLES MARTINEZ NOGUERA
ASOCIACIÓN AFRODESCENDIENTE PACÍFICO POR LA PAZ,JUAN JOSE CIFUENTES VALERO
"""AFROSLIBRES""",OSWALDO JOSE OCHOA ALBOR
"""AFROSLIBRES""",ISMAEL MAESTRE SIMACA
"""AFROSLIBRES""",SARA ESTHER CORREA CHICO
"EXPRESIÓN AFRO, AMBIENTAL Y CULTURAL COLOMBIA CON DIGNIDAD",OMAR BONILLA GARCIA
"EXPRESIÓN AFRO, AMBIENTAL Y CULTURAL COLOMBIA CON DIGNIDAD",DARLY PALACIOS QUEJADA
"EXPRESIÓN AFRO, AMBIENTAL Y CULTURAL COLOMBIA CON DIGNIDAD",PEDRO ANTONIO ECHEVERRY RAMIREZ
"CONSEJO COMUNITARIO DE PIZARRO ""CONCOPI""",PACIANO ASPRILLA ARBOLEDA
"CONSEJO COMUNITARIO DE PIZARRO ""CONCOPI""",JAZMIN PATRICIA GARCIA CAICEDO
"CONSEJO COMUNITARIO DE PIZARRO ""CONCOPI""",SILVERIO JOSE CALDERON DAZA
CONSEJO COMUNITARIO KUSUTOMA - GENDE COKUMALU,RUBEN DAVID SALINA CASSIANI
CONSEJO COMUNITARIO KUSUTOMA - GENDE COKUMALU,OLGA ESTHER LICONA MARIO
CONSEJO COMUNITARIO KUSUTOMA - GENDE COKUMALU,CEFORA JOSEFA ARIAS ANAYA
PARTIDO DEMÓCRATA COLOMBIANO,WINSNER NESSIR SANDOVAL IBAÑEZ
PARTIDO DEMÓCRATA COLOMBIANO,PEDRO ADAN TORRES PEREZ
PARTIDO DEMÓCRATA COLOMBIANO,MARIA EUGENIA PEREZ BARRAZA
CONSEJO COMUNITARIO VEREDAS UNIDAS POR UN BIEN COMÚN,CAMILO OBANDO ANGULO
CONSEJO COMUNITARIO VEREDAS UNIDAS POR UN BIEN COMÚN,ESTEFANIA ARENILLA GUERRA
CONSEJO COMUNITARIO VEREDAS UNIDAS POR UN BIEN COMÚN,ALEX WALTER DEUSA
OSAVIPLAR,MARCELINO JOSE LOPEZ PEREZ
OSAVIPLAR,JORGE DANIEL VERGARA RIVERA
OSAVIPLAR,KATHERINE BULA PAEZ
CONSEJO COMUNITARIO ALTO MIRA Y FRONTERA,MARTIR EVANGELISTA CABEZAS CORTES
CONSEJO COMUNITARIO DE LA COMUNIDAD NEGRA DE LIMONES,JORGE ELIECER GARCES FLOREZ
CONSEJO COMUNITARIO DE LA COMUNIDAD NEGRA DE LIMONES,KENDRYS PAOLA REYES TORRES
CONSEJO COMUNITARIO DE LA COMUNIDAD NEGRA DE LIMONES,LEONARDO ARNEDO MENDOZA
ASOCIACIÓN ÉTNICA MUNDO DIVERSO INTERCULTURAL,WILFRIDO OROBIO HERNANDEZ
ASOCIACIÓN ÉTNICA MUNDO DIVERSO INTERCULTURAL,DAGOBERTO SANTOYA PEÑA
ASOCIACIÓN ÉTNICA MUNDO DIVERSO INTERCULTURAL,KARINA DEL CARMEN MARTINEZ GONZALEZ
CONSEJO COMUNITARIO RÍO DE GUADUAS - CHIGORODÓ,AMADOR CAYCEDO MENA
TODO ES POSIBLE,HERBIN JANDRY AMU DIAZ
TODO ES POSIBLE,KAROLL ARROYO BANGUERA
TODO ES POSIBLE,JOSE YAIR CAICEDO NARANJO
CONSEJO COMUNITARIO AFROZABALETAS,CAMILO RIVERA SOTO
C.C. DE LA COMUNIDAD NEGRA DE LA VEREDA EL ESFUERZO,DIEGO ARMANDO SANCHEZ ARBOLEDA
C.C. DE LA COMUNIDAD NEGRA DE LA VEREDA EL ESFUERZO,JENIFER TATIANA MOSQUERA BARRERA
C.C. DE LA COMUNIDAD NEGRA DE LA VEREDA EL ESFUERZO,HERNANDO MOSQUERA BARBOSA
CONSEJO COMUNITARIO MANUEL ZAPATA OLIVELLA DE SAN ANTERO,JORGE IVAN MINA LASSO
CONSEJO COMUNITARIO MANUEL ZAPATA OLIVELLA DE SAN ANTERO,JORGE ANDRES GONZALEZ SILVA
CONSEJO COMUNITARIO MANUEL ZAPATA OLIVELLA DE SAN ANTERO,LORENA CENITH DE LA CRUZ RODRIGUEZ
CONSEJO COMUNITARIO CASIMIRO MEZA MENDOZA-COCONEBO,YUNIA CECILIA PALACIOS CUESTA
CONSEJO COMUNITARIO CASIMIRO MEZA MENDOZA-COCONEBO,MARIA CAMILA ARMENTA FELIZZOLA
CONSEJO COMUNITARIO CASIMIRO MEZA MENDOZA-COCONEBO,FRANKLIN DE JESUS MEZA SEQUEDA
FUNDACIÓN ARTÍSTICA CULTURAL SALSA Y RUMBA,JOSE MANUEL ANGULO CASTILLO
FUNDACIÓN ARTÍSTICA CULTURAL SALSA Y RUMBA,IRENE YAZMIN BANDERA GONZALEZ
FUNDACIÓN ARTÍSTICA CULTURAL SALSA Y RUMBA,SALLY ROSMIRA GOMEZ POSSU
CONSEJO COMUNITARIO NUEVA ESPERANZA,OSCAR YAHIR RENTERIA GUARDIA
CONSEJO COMUNITARIO NUEVA ESPERANZA,VICTOR MANUEL VERGARA JULIO
CONSEJO COMUNITARIO NUEVA ESPERANZA,BEATRIZ ELENA TORO TOSCANO
"CONSEJO COMUNITARIO DE TRUANDO - LA TERESITA ""COCOTRUMETE""",EDINSON MURILLO ALBORNOZ
"CONSEJO COMUNITARIO DE TRUANDO - LA TERESITA ""COCOTRUMETE""",JORGE LUIS BAGUI PRECIADO
"CONSEJO COMUNITARIO DE TRUANDO - LA TERESITA ""COCOTRUMETE""",CLARA DORALIA MORA PINILLOS
FUNDACIÓN ORSUBA,DIOGENES JESUS VIOLET MARTELO
FUNDACIÓN ORSUBA,AUDREY ALEXANDRA VALLE GONZALEZ
AFROEMPRENDIMIENTO,JOSE ADUER LANDAZURI ORTIZ
AFROEMPRENDIMIENTO,LEONOR MARIA PALOMINO RAMIREZ
AFROEMPRENDIMIENTO,ABEL ANTONIO SUAREZ IGLESIA
CONSEJO COMUNITARIO DE CÉRTEGUI,JAIR EDER PALACIOS PALACIOS
CONSEJO COMUNITARIO DE CÉRTEGUI,JERSON ERICK PALACIOS PALACIOS
CONSEJO COMUNITARIO DE CÉRTEGUI,KETTY YINETH PEREA PALACIOS
CONSEJO COMUNITARIO LA GRAN VÍA DE LOS REMEDIOS,MIGUEL ABRAHAM POLO POLO
CONSEJO COMUNITARIO LA GRAN VÍA DE LOS REMEDIOS,VERONICA PAOLA CUELLO ESTRADA
CONSEJO COMUNITARIO LA GRAN VÍA DE LOS REMEDIOS,HITLER ROUSEAU CHAVERRA OVALLE
CONSEJO COMUNITARIO UNIÓN DEL RÍO ROSARIO,JUAN JAVIER JARAMILLO PALMA
CONSEJO COMUNITARIO UNIÓN DEL RÍO ROSARIO,ROSMERY BEATRIZ LOGREIRA BAIZ
CONSEJO COMUNITARIO UNIÓN DEL RÍO ROSARIO,LUIS ALBERTO KLINGER ARIAS
"FUNDACIÓN SEMILLAS PARA UNA VIDA DIGNA ""FUSEMVID""",YOVERLAN BANGUERA VIVEROS
"FUNDACIÓN SEMILLAS PARA UNA VIDA DIGNA ""FUSEMVID""",JORGE ISAAC ARAMBURO GARCIA
"FUNDACIÓN SEMILLAS PARA UNA VIDA DIGNA ""FUSEMVID""",ANGELA PAZ CAMPAZ
CONSEJO COMUNITARIO AFROÉTNICO DE RISARALDA,DUVAN STIWAR CASTRO MACHADO
"CONSEJO COMUNITARIO INTEGRAL DE LLORÓ ""COCOILLO""",HAMILSON ARAGON RENTERIA
"CONSEJO COMUNITARIO INTEGRAL DE LLORÓ ""COCOILLO""",OVIDIO ASPRILLA SANCHEZ
"CONSEJO COMUNITARIO INTEGRAL DE LLORÓ ""COCOILLO""",ZULLY FERNANDA CUNDUMI MANCILLA
CONSEJO COMUNITARIO DE COMUNIDADES NEGRAS CUENCA RÍO OVEJAS,ALEXANDER BOLAÑOS GARCIA
CONSEJO COMUNITARIO DE COMUNIDADES NEGRAS CUENCA RÍO OVEJAS,CRUZ ENEIDA QUIÑONES TENORIO
CONSEJO COMUNITARIO DE COMUNIDADES NEGRAS CUENCA RÍO OVEJAS,AMALIA ROSA CAMPO NAVARRO
"ASOCIACIÓN AFROCOLOMBIANA ""ASOMAKIDZON""",MARTIN GERARDO TOBAR VIDAL
"ASOCIACIÓN AFROCOLOMBIANA ""ASOMAKIDZON""",DIGNA YURANI CABEZAS ANGULO
"ASOCIACIÓN AFROCOLOMBIANA ""ASOMAKIDZON""",ALIME RUIDIAZ
COCOPEMA,VICTOR HUGO HINESTROZA OBREGON
COCOPEMA,YARLEIDIS MURILLO PALACIOS
COCOPEMA,FABIOLA BONILLA TORRES
COMUNIDAD AFROCOLOMBIANA DE LA SIERRA NEVADA,PABLA MILEIDIS HIDALGO OCAMPO
COMUNIDAD AFROCOLOMBIANA DE LA SIERRA NEVADA,ROLAN SANTANDER ILLIDGE PACHECO
COMUNIDAD AFROCOLOMBIANA DE LA SIERRA NEVADA,BRANIS ENRIQUE AVILA ORTIZ
ASOCONEG,LENIN JESUS MENDOZA PEREZ
ASOCONEG,LUZMILA CORTINEZ DURAN
ASOCONEG,JOSE ROBERTO MEJIA CASTRO
CONSEJO COMUNITARIO PANAMÁ DE ARAUCA,PEDRO DAVID SAA SOTO
CONSEJO COMUNITARIO PANAMÁ DE ARAUCA,MISHELL TATIANA MARROQUIN ERAZO
"FUNDACIÓN ECOLÓGICA, RURAL Y URBANA DEL PACÍFICO ""FUNERPA""",ROMELIO RIASCOS RENTERIA
"FUNDACIÓN ECOLÓGICA, RURAL Y URBANA DEL PACÍFICO ""FUNERPA""",NERLY ESTHER RODRIGUEZ MOSQUERA
"FUNDACIÓN ECOLÓGICA, RURAL Y URBANA DEL PACÍFICO ""FUNERPA""",RUBY ELENA GIRALDO RAMOS
AFRO CYC,EDGAR ARIEL PALACIO TORDECILLA
AFRO CYC,REINALDO TORRES BANQUETH
AFRO CYC,BERTHA JUDITH BASTIDAS MARTINEZ
LOS SABANEROS DEL CORREGIMIENTO DE MINGUILLO,ANGEL DAVID ESGUERRA TACHE
LOS SABANEROS DEL CORREGIMIENTO DE MINGUILLO,CLAUDIA MARIA FELIZZOLA SIERRA
OEAFROBOL,MARIO ISRAEL BOLAÑO HERNANDEZ
OEAFROBOL,JUAN JOSE CORDOBA RODELO
OEAFROBOL,DIANA MIRLEIDYS RIVERA AVILA
CONSEJO COMUNITARIO DE QUINAMAYO,DIANA PAOLA RAMOS MEDINA
CONSEJO COMUNITARIO DE QUINAMAYO,LEUDIN HURTADO CAICEDO
CONSEJO COMUNITARIO DE QUINAMAYO,CARMEN ROSAURA ANCHICO MOSQUERA
CONSEJO LABORAL AFROCOLOMBIANO CLAF - BOGOTÁ,LUCY PILAR CALDERON GONZALEZ
CONSEJO LABORAL AFROCOLOMBIANO CLAF - BOGOTÁ,LUZ DEL ROSARIO PEÑA OSPINO
OEAPUN,JHORLYN ENRIQUE MENA MOSQUERA
OEAPUN,EVERLIDES ESTHER CHICA HERNANDEZ
OEAPUN,ALBERTO MARIANO SOTO TORRES
ASTECA,CRUZ EMILIA QUEJADA QUEJADA
ASTECA,JOSE SANTIAGO CASTAÑEDA VALENCIA
ASTECA,RAMON MARTINEZ CORDOBA
CONSEJO COMUNITARIO NEGROS UNIDOS,JONATHAN MICOLTA BERMUDEZ
CRISTIANOS POR COLOMBIA AFROS,NOHEMI SOLIS ROSENDO
CRISTIANOS POR COLOMBIA AFROS,CLAUDIA MARIA CEPEDA URRUTIA
CRISTIANOS POR COLOMBIA AFROS,FORLIN MANUEL LOPEZ PARRA
PARTIDO LIBERAL COLOMBIANO,JOSE OCTAVIO CARDONA LEON
PARTIDO LIBERAL COLOMBIANO,OSCAR ALONSO VARGAS JARAMILLO
PARTIDO LIBERAL COLOMBIANO,MARIANA GRAJALES JARAMILLO
PARTIDO LIBERAL COLOMBIANO,JORGE ARMANDO CARRERO PIMENTEL
PARTIDO LIBERAL COLOMBIANO,ANA GRACIELA HENAO HENAO
CENTRO DEMOCRÁTICO- PARTIDO DE LA U,JAIME ALONSO ZULUAGA ARISTIZABAL
CENTRO DEMOCRÁTICO- PARTIDO DE LA U,MATEO HIDALGO MONTOYA
CENTRO DEMOCRÁTICO- PARTIDO DE LA U,CAROLINA ESCOBAR RAMIREZ
CENTRO DEMOCRÁTICO- PARTIDO DE LA U,MARIA XIMENA GONZALEZ PELAEZ
CENTRO DEMOCRÁTICO- PARTIDO DE LA U,NOHEMY CECILIA CONSTAIN BETANCUR
"PARTIDO ALIANZA SOCIAL INDEPENDIENTE ""ASI""",CESAR AUGUSTO DIAZ ZAPATA
"PARTIDO ALIANZA SOCIAL INDEPENDIENTE ""ASI""",MANUEL ORLANDO CORREA BEDOYA
"PARTIDO ALIANZA SOCIAL INDEPENDIENTE ""ASI""",PAULA ANDREA TORO SANTANA
"PARTIDO ALIANZA SOCIAL INDEPENDIENTE ""ASI""",ANA CRISTINA JARAMILLO GUTIERREZ
"PARTIDO ALIANZA SOCIAL INDEPENDIENTE ""ASI""",FABIO DE JESUS MONCADA MELO
PARTIDO CONSERVADOR COLOMBIANO,JUAN MANUEL LONDOÑO JARAMILLO
PARTIDO CONSERVADOR COLOMBIANO,FELIX ALEJANDRO CHICA CORREA
PARTIDO CONSERVADOR COLOMBIANO,MARIA YULIANA GIRALDO CORREA
PARTIDO CONSERVADOR COLOMBIANO,JUAN ESTEBAN TEJADA RAMOS
PARTIDO CONSERVADOR COLOMBIANO,BEATRIZ AMPARO OCAMPO OCAMPO
AHORA COLOMBIA CALDAS,DANIELA ARBOLEDA RIOS
AHORA COLOMBIA CALDAS,MAURICIO LONDOÑO JARAMILLO
AHORA COLOMBIA CALDAS,JORGE ORLANDO GARCIA RESTREPO
AHORA COLOMBIA CALDAS,JUAN CARLOS JARAMILLO HERRERA
AHORA COLOMBIA CALDAS,JENNY MARCELA LANDAZURI GONZALEZ
PACTO HISTÓRICO ALIANZA VERDE,SANTIAGO OSORIO MARIN
PACTO HISTÓRICO ALIANZA VERDE,ERIKA MILENA MUÑOZ VILLARREAL
PACTO HISTÓRICO ALIANZA VERDE,ALVARO GARCIA VELASQUEZ
PACTO HISTÓRICO ALIANZA VERDE,NORA MILENA CONTENTO CASTAÑO
MOVIMIENTO SALVACIÓN NACIONAL,BRUNO EDUARDO SEIDEL ARANGO
MOVIMIENTO SALVACIÓN NACIONAL,LAURA CAMILA DONADO MAZO
MOVIMIENTO SALVACIÓN NACIONAL,JORGE ENRIQUE MOTOA SILVA
MOVIMIENTO SALVACIÓN NACIONAL,DORA VASCO DIAZ
MOVIMIENTO SALVACIÓN NACIONAL,DIEGO ALEJANDRO PAREJA RENDON
ALMA - CAMBIO RADICAL,CARLOS MARIO MARIN CORREA
ALMA - CAMBIO RADICAL,HECTOR ALBERTO GIRALDO QUINTERO
ALMA - CAMBIO RADICAL,MARIA ZENAIDA ARCILA HENCKER
ALMA - CAMBIO RADICAL,BRAYAN DAVID SALAZAR HERRERA
ALMA - CAMBIO RADICAL,MANUELA VALENCIA SALAZAR
FRENTE AMPLIO UNITARIO CALDAS,OMAR ARIEL DIAZ GUTIERREZ
FRENTE AMPLIO UNITARIO CALDAS,LUZ STELLA VALENCIA SALGADO
FRENTE AMPLIO UNITARIO CALDAS,POMPEYO JOSE PARADA SANABRIA
FRENTE AMPLIO UNITARIO CALDAS,SUSANA URREA RAMIREZ
FRENTE AMPLIO UNITARIO CALDAS,JORGE ABEL GAITAN LOPEZ
PARTIDO ECOLOGISTA COLOMBIANO,SANTIAGO CARMONA BOTERO
PARTIDO ECOLOGISTA COLOMBIANO,CARLOS ALBEIRO HIGUITA BOLIVAR
PARTIDO ECOLOGISTA COLOMBIANO,MARIA PAULA RODRIGUEZ CASTRILLON
"MOVIMIENTO ALTERNATIVO INDÍGENA Y SOCIAL ""MAIS""",CRISTIAN CAMILO ROJAS JURADO
COALICIÓN CAQUETÁ,JUAN PABLO DUQUE GONZALEZ
COALICIÓN CAQUETÁ,JHON FREDY NUÑEZ RAMOS
COALICIÓN CAQUETÁ,YENY ADALID CHILATRA RIVERA
REVIVE CAQUETÁ 2.0,NELSON RICARDO MATIZ HERRERA
REVIVE CAQUETÁ 2.0,LEONARDO RAMON RAMIREZ
REVIVE CAQUETÁ 2.0,ANGGI CAROLINA QUIMBAYO MANRIQUE
PARTIDO LIBERAL COLOMBIANO,GILMA DIAZ ARIAS
PARTIDO LIBERAL COLOMBIANO,DURFAY MONTILLA VARGAS
PARTIDO LIBERAL COLOMBIANO,EDWARD ALEXANDER CORTES PUENTES
PACTO HISTÓRICO CAQUETÁ,RAMIRO ANDRES MENDOZA BARRAGAN
PACTO HISTÓRICO CAQUETÁ,ROSAURA CIRO RESTREPO
PACTO HISTÓRICO CAQUETÁ,EDINSON TEJADA ALEY
PARTIDO CENTRO DEMOCRÁTICO,EDILBERTO MOLINA HERNANDEZ
PARTIDO CENTRO DEMOCRÁTICO,GLORIA ESPERANZA FLECHAS DIAZ
PARTIDO CENTRO DEMOCRÁTICO,JUAN CARLOS SILVA ROJAS
"MOVIMIENTO AUTORIDADES INDÍGENAS DE COLOMBIA ""AICO""",MANUEL JOAQUIN PUENTES MONTAÑA
"MOVIMIENTO AUTORIDADES INDÍGENAS DE COLOMBIA ""AICO""",YOLANDA PEÑA CUELLAR
"MOVIMIENTO AUTORIDADES INDÍGENAS DE COLOMBIA ""AICO""",REINALDO CAMPOS ALDANA
COALICIÓN FUERZA CIUDADANA,JHON FAIVER SANCHEZ LONGAS
COALICIÓN FUERZA CIUDADANA,ELINA MARCELA DONCEL VILLARUEL
COALICIÓN FUERZA CIUDADANA,HEYCENOVER CUELLAR POLANIA
PARTIDO POLÍTICO OXÍGENO,YULISA MARIA MERCADO SUAREZ
PARTIDO POLÍTICO OXÍGENO,FERNANDO LEYTON MORALES
PARTIDO POLÍTICO OXÍGENO,ISMAEL ENCINALES ROMERO
PARTIDO LIBERAL COLOMBIANO,FRANKY ALEXANDER VEGA MURCIA
PARTIDO LIBERAL COLOMBIANO,FLORA PERDOMO ANDRADE
PARTIDO LIBERAL COLOMBIANO,LUCY MIREYA BRAVO OBANDO
PARTIDO LIBERAL COLOMBIANO,RODRIGO AMAYA CULMA
PARTIDO CENTRO DEMOCRÁTICO,TATIANA PATRICIA MENDEZ RAMOS
PARTIDO CENTRO DEMOCRÁTICO,FELIX FELIPE TRUJILLO URIBE
PARTIDO CENTRO DEMOCRÁTICO,NORMA CONSTANZA CRUZ RIVERA
PARTIDO ALIANZA VERDE,NATALIA CAVIEDES CHINCHILLA
PARTIDO ALIANZA VERDE,DIANA LORENA MONJE ALBARRACIN
PARTIDO ALIANZA VERDE,SEBASTIAN CAMILO DURAN CORTES
PARTIDO ALIANZA VERDE,JUAN YAMID SANABRIA TRIANA
PARTIDO CAMBIO RADICAL,JULIO CESAR TRIANA QUINTERO
PARTIDO CAMBIO RADICAL,EDGAR MUÑOZ TORRES
PARTIDO CAMBIO RADICAL,SILVIA ALEXANDRA CASTAÑEDA PERDOMO
PARTIDO CAMBIO RADICAL,EDINSON AMIN LOSADA PERDOMO
PACTO HISTÓRICO HUILA,LOURDES PAOLA MATEUS SERRANO
PACTO HISTÓRICO HUILA,MAURO SAUL SANCHEZ ZAMBRANO
PACTO HISTÓRICO HUILA,YINA MARCELA SUAREZ CAMPOS
PACTO HISTÓRICO HUILA,AMBROCIO LOPEZ MELENDEZ
MOVIMIENTO SALVACIÓN NACIONAL,ANA MARIA RINCON HERRERA
MOVIMIENTO SALVACIÓN NACIONAL,MIGUEL HUMBERTO TELLEZ MURCIA
MOVIMIENTO SALVACIÓN NACIONAL,CESAR AUGUSTO RODRIGUEZ CELIS
MOVIMIENTO SALVACIÓN NACIONAL,SALOMON CUELLAR ANTURI
ALMA,MARIA FERNANDA DEL PILAR RAMIREZ MONTENEGRO
ALMA,JESUS ARIEL LISCANO DAZA
ALMA,HERNAN ARCINIEGAS GUZMAN
PARTIDO POLÍTICO MIRA,HECTOR MELO VICTORIA
PARTIDO POLÍTICO MIRA,NURY GUTIERREZ FERREIRA
FUERZA POR EL HUILA,JORGE ENRIQUE ALVARADO TOVAR
FUERZA POR EL HUILA,SANDRA MILENA NINCO GUTIERREZ
FUERZA POR EL HUILA,LUIS YESID VARGAS ESCARRAGA
FUERZA POR EL HUILA,RAUL RIVERA CORTES
PARTIDO POLÍTICO DIGNIDAD & COMPROMISO,WILLIAM ALVIS PINZON
PARTIDO POLÍTICO DIGNIDAD & COMPROMISO,OMAR ALFONSO TOBAR DIAZ
PARTIDO POLÍTICO DIGNIDAD & COMPROMISO,JUAN CAMILO FORERO CARDENAS
PARTIDO POLÍTICO DIGNIDAD & COMPROMISO,GLORIA ISABEL ZARATE DEVIA
PARTIDO ECOLOGISTA COLOMBIANO,CLAUDIA PATRICIA TOLEDO CAMACHO
PARTIDO ECOLOGISTA COLOMBIANO,PAULA CLARETH CUELLAR HERNANDEZ
PARTIDO CENTRO DEMOCRÁTICO,ARLEDY ALVARADO PATIÑO
PARTIDO CENTRO DEMOCRÁTICO,ALVARO YESID MARIÑO ALVAREZ
PARTIDO CENTRO DEMOCRÁTICO,WILMER GARCES JUEZ
ALMA CASANARE,LILIANA PAOLA TORRES TORRES
ALMA CASANARE,PEDRO GUILLERMO TORRES IBARRA
ALMA CASANARE,MELQUISEDEC TEJADA JIMENEZ
ALIANZA POR CASANARE,DIEGO FERNANDO GARCIA ALFONSO
ALIANZA POR CASANARE,DAIMER FABIAN CORDERO ESCOBAR
ALIANZA POR CASANARE,DIANA YULIETHE RINCON LEGUIZAMON
PARTIDO CAMBIO RADICAL,AMANDA ROCIO GONZALEZ RODRIGUEZ
PARTIDO CAMBIO RADICAL,INGRID AMANDA SANCHEZ SARAVIA
PARTIDO CAMBIO RADICAL,HECTOR ARBEY VACCA BOHORQUEZ
PACTO HISTÓRICO - CASANARE,ELFAR DANILO LEAL GALINDO
PACTO HISTÓRICO - CASANARE,LUZ ANACLOVIS SUESCUN GALVIS
PARTIDO POLÍTICO MIRA,LUZ STELLA PARRA FRANCO
COALICIÓN FUERZA CIUDADANA,VIRGINIA BRIYITH CALDERON LANDINEZ
COALICIÓN FUERZA CIUDADANA,JUAN ALEJANDRO ROSAS SALAMANCA
COALICIÓN FUERZA CIUDADANA,CRISTHIAN ROBERTO SILVA SOLANO
PARTIDO DEL TRABAJO DE COLOMBIA,LINA PATRICIA VEGA ORDUZ
PARTIDO DEL TRABAJO DE COLOMBIA,JHON SEBASTIAN MORALES SANCHEZ
PARTIDO DEL TRABAJO DE COLOMBIA,GILBERTO ADOLFO VARGAS LAVERDE
PARTIDO DE LA UNIÓN POR LA GENTE - PARTIDO DE LA U,CARLOS GUMERCINDO DE LA PEÑA DURAN
PARTIDO DE LA UNIÓN POR LA GENTE - PARTIDO DE LA U,MARIA JOSE MURGAS LACOUTURE
PARTIDO DE LA UNIÓN POR LA GENTE - PARTIDO DE LA U,EDULFO VILLAR ESTRADA
PARTIDO DE LA UNIÓN POR LA GENTE - PARTIDO DE LA U,RAUL FERNANDO MACHADO LUNA
PARTIDO CONSERVADOR COLOMBIANO,ALFREDO APE CUELLO BAUTE
PARTIDO CONSERVADOR COLOMBIANO,KALEB VILLALOBOS BROCHEL
PARTIDO CONSERVADOR COLOMBIANO,LIBARDO CRUZ CASADO
PARTIDO CONSERVADOR COLOMBIANO,CELENIA PATRICIA ACOSTA MADARIAGA
PACTO HISTÓRICO CESAR,ALEXANDRA PINEDA ORTIZ
PACTO HISTÓRICO CESAR,ALEXIS LACOUTURE TABARES
PACTO HISTÓRICO CESAR,THAIS ALOMA RUIZ DAZA
PACTO HISTÓRICO CESAR,LUIS ALFONSO SANGUINO ACOSTA
PARTIDO LIBERAL COLOMBIANO,MELLO CASTRO GONZALEZ
PARTIDO LIBERAL COLOMBIANO,ISRAEL OBREGON ROPERO
PARTIDO LIBERAL COLOMBIANO,LUZ HELENA SALAZAR LOPEZ
PARTIDO LIBERAL COLOMBIANO,DARLING FRANCISCA GUEVARA GOMEZ
PARTIDO CENTRO DEMOCRÁTICO,GILMA ROSA GOMEZ URDIALES
PARTIDO CENTRO DEMOCRÁTICO,ARCADIO RAMIRO DAZA NUÑEZ
PARTIDO CENTRO DEMOCRÁTICO,OSCAR DAVID SANCHEZ VARILLA
AHORA COLOMBIA,LUZVY CELENA CALDERON CALDERON
AHORA COLOMBIA,RAFAEL ESCALONA TOVAR
AHORA COLOMBIA,FERNANDO JOSE CORDOBA
AHORA COLOMBIA,LEON ZAMBRANO QUIROZ
PARTIDO COLOMBIA JUSTA LIBRES,ROBERTO CARLOS MARIN FONSECA
PARTIDO COLOMBIA JUSTA LIBRES,MARITZA OROZCO MAESTRE
FRENTE AMPLIO DEL CESAR,OMAR ENRIQUE BENJUMEA OSPINO
FRENTE AMPLIO DEL CESAR,LINA MARIA DE ARMAS DAZA
FRENTE AMPLIO UNITARIO,RONALD ENRRIQUE ARENILLAS MANJARRES
FRENTE AMPLIO UNITARIO,ALBA CECILIA CARO BAENA
FRENTE AMPLIO UNITARIO,CARLOS ALBERTO ARREDONDO TORRES
FRENTE AMPLIO UNITARIO,MARTIN SEGUNDO CASTILLO ALVAREZ
PARTIDO CONSERVADOR COLOMBIANO,MARIA CAMILA SALAS SALAS
PARTIDO CONSERVADOR COLOMBIANO,MARIA PAULA CABALLERO PORTO
PARTIDO CONSERVADOR COLOMBIANO,ALONSO JOSE DEL RIO CABARCAS
PARTIDO CONSERVADOR COLOMBIANO,JULIANA ARAY FRANCO
PARTIDO CONSERVADOR COLOMBIANO,ANDRES GUILLERMO MONTES CELEDON
PARTIDO CONSERVADOR COLOMBIANO,MIGUEL ALFONSO MONTES CURI
PARTIDO LIBERAL COLOMBIANO,SILVIO JOSE CARRASQUILLA TORRES
PARTIDO LIBERAL COLOMBIANO,YOLANDA WONG BALDIRIS
PARTIDO LIBERAL COLOMBIANO,MAYRA ALEJANDRA ORTEGA TATIS
PARTIDO LIBERAL COLOMBIANO,DAIRO JOSE BUSTILLO GOMEZ
PARTIDO LIBERAL COLOMBIANO,JOSE LUIS OSORIO GALVIS
CENTRO DEMOCRÁTICO-MIRA,JOSE RICARDO ARDILA PINEDO
CENTRO DEMOCRÁTICO-MIRA,MARTA ELENA ARRAZOLA PINEDA
CENTRO DEMOCRÁTICO-MIRA,SHIRLEY SANJUAN BERROCAL
CENTRO DEMOCRÁTICO-MIRA,FABIO ORLANDO MENDOZA BARRETO
CENTRO DEMOCRÁTICO-MIRA,KARELIS CAROLINA CARABALLO SALINAS
CENTRO DEMOCRÁTICO-MIRA,SONIA MARIA DEL SOCORRO VILLA LASCARRO
PACTO HISTÓRICO BOLÍVAR,AMAURY JULIO PEREZ
PACTO HISTÓRICO BOLÍVAR,COLOMBIA ESPERANZA ADUEN BRAY
PACTO HISTÓRICO BOLÍVAR,YHONY JOSE HERNANDEZ AGUAS
PACTO HISTÓRICO BOLÍVAR,YESSICA PAOLA BLANCO TORRES
PACTO HISTÓRICO BOLÍVAR,VIVIANO TORRES GUTIERREZ
COALICIÓN ALIANZA VERDE - ASI - U - PTC,STEPHANNY GALEANO URZOLA
COALICIÓN ALIANZA VERDE - ASI - U - PTC,JULIO CESAR ARIAS FLOREZ
COALICIÓN ALIANZA VERDE - ASI - U - PTC,KARINA ISABEL OROZCO AREVALO
COALICIÓN ALIANZA VERDE - ASI - U - PTC,CARMEN JULIA MIRANDA MORALES
COALICIÓN ALIANZA VERDE - ASI - U - PTC,JOSE GUSTAVO PLATA CARDENAS
COALICIÓN ALIANZA VERDE - ASI - U - PTC,ORLANDO RAFAEL ARRIETA NUÑEZ
PARTIDO POLÍTICO DIGNIDAD & COMPROMISO,DAVID ALFONSO MUNERA CAVADIA
PARTIDO POLÍTICO DIGNIDAD & COMPROMISO,ROSALBA ARRIETA CASTILLA
PARTIDO POLÍTICO ESPERANZA DEMOCRÁTICA,ERNESTO JOSE FADUL CHAPARRO
PARTIDO POLÍTICO ESPERANZA DEMOCRÁTICA,ANA MARIA RODRIGUEZ ORTIZ
PARTIDO POLÍTICO ESPERANZA DEMOCRÁTICA,JOSE POLO PUELLO
PARTIDO POLÍTICO ESPERANZA DEMOCRÁTICA,ROLANDO GARCIA ALFARO
PARTIDO POLÍTICO ESPERANZA DEMOCRÁTICA,LEONIS DEL CARMEN VARGAS REYES
COALICIÓN FUERZA CIUDADANA,GLADYS ESTER MONTES MANJARRES
COALICIÓN FUERZA CIUDADANA,FRANCISCO MANUEL PINEDA BELTRAN
COALICIÓN FUERZA CIUDADANA,YARADNY JULIO MARRIAGA
COALICIÓN FUERZA CIUDADANA,MARCOS LUIS TOUS DEL TORO
COALICIÓN FUERZA CIUDADANA,HORACIO JARAMILLO GOENAGA
COALICIÓN FUERZA CIUDADANA,ROBIN CALET VILLEGAS SANCHEZ
PARTIDO NUEVO LIBERALISMO,ROBERTO CARLOS FUENTES DEL TORO
PARTIDO NUEVO LIBERALISMO,KAREN PAOLA RODRIGUEZ BUELVAS
PARTIDO NUEVO LIBERALISMO,EZEQUIEL BUELVAS VEGA
PARTIDO NUEVO LIBERALISMO,SANDRA MILENA ACOSTA COLON
PARTIDO NUEVO LIBERALISMO,VLASDIVIR HERNANDEZ CARDONA
PARTIDO CAMBIO RADICAL,NESTOR LEONARDO RICO RICO
PARTIDO CAMBIO RADICAL,WILLIAM EVERARDO TAMAYO DONOSO
PARTIDO CAMBIO RADICAL,LUZ MARINA GAITAN MAHECHA
PARTIDO CAMBIO RADICAL,JOSEFA VIVIANA MENDEZ TELLEZ
PARTIDO CAMBIO RADICAL,JULIANA ANDREA GONZALEZ RODRIGUEZ
PARTIDO CAMBIO RADICAL,IVAN DARIO PARRADO DIAZ
PARTIDO CAMBIO RADICAL,ELIANA MARGARITA RAMIREZ ARENAS
MOVIMIENTO POLÍTICO PACTO HISTÓRICO,HEINER DE JESUS GAITAN PARRA
MOVIMIENTO POLÍTICO PACTO HISTÓRICO,FRANCY NATALIA MORENO PUIN
MOVIMIENTO POLÍTICO PACTO HISTÓRICO,YEISSON GERARDO SUA CAJAMARCA ZAPATA
MOVIMIENTO POLÍTICO PACTO HISTÓRICO,RUBI DANIELA VEGA SOTELO
MOVIMIENTO POLÍTICO PACTO HISTÓRICO,DANIEL ANDRES VELASQUEZ MANTILLA
MOVIMIENTO POLÍTICO PACTO HISTÓRICO,ALBA MARIA ORTIZ SIERRA
MOVIMIENTO POLÍTICO PACTO HISTÓRICO,JOSE RENE LOPEZ CALDERON
PARTIDO LIBERAL COLOMBIANO,CAMPO ALEXANDER PRIETO GARCIA
PARTIDO LIBERAL COLOMBIANO,JEISON ALBERTO AREVALO ROJAS
PARTIDO LIBERAL COLOMBIANO,NESTOR IVAN PAREDES NARVAEZ
PARTIDO LIBERAL COLOMBIANO,EDGAR CRUZ GARCIA
PARTIDO LIBERAL COLOMBIANO,DIANA CAROLINA LOPEZ SANCHEZ
PARTIDO LIBERAL COLOMBIANO,JENIFFER DAMARYS PINZON RUBIANO
PARTIDO LIBERAL COLOMBIANO,DORA CECILIA MURCIA SANCHEZ
CENTRO DEMOCRÁTICO - MIRA,HILDA GUTIERREZ
CENTRO DEMOCRÁTICO - MIRA,NYDIA YOLIMA CORREDOR HERNANDEZ
CENTRO DEMOCRÁTICO - MIRA,EDWIN ORLANDO LEON MONTERO
CENTRO DEMOCRÁTICO - MIRA,ORLANDO ALFONSO CLAVIJO CLAVIJO
CENTRO DEMOCRÁTICO - MIRA,DANIA MARITZA ALVAREZ BARRERA
CENTRO DEMOCRÁTICO - MIRA,JULIO CESAR DELGADILLO RODRIGUEZ
CENTRO DEMOCRÁTICO - MIRA,DARLIN LENIS ESPITIA
PARTIDO DE LA U - PARTIDO ECOLOGISTA COLOMBIANO,LUIS ROBERTO GONZALEZ PEÑALOZA
PARTIDO DE LA U - PARTIDO ECOLOGISTA COLOMBIANO,VICTOR ANDRES PINZON MORA
PARTIDO DE LA U - PARTIDO ECOLOGISTA COLOMBIANO,ALBA ROCIO GARCIA GOMEZ
PARTIDO DE LA U - PARTIDO ECOLOGISTA COLOMBIANO,DIVIER RODRIGO RODRIGUEZ
PARTIDO DE LA U - PARTIDO ECOLOGISTA COLOMBIANO,BRIYITH MARGARETH MONCADA SANCHEZ
PARTIDO DE LA U - PARTIDO ECOLOGISTA COLOMBIANO,LUZ DARY RONDON VARGAS
PARTIDO DE LA U - PARTIDO ECOLOGISTA COLOMBIANO,KEVIN ALEJANDRO PEREZ REY
PARTIDO CONSERVADOR COLOMBIANO,JULIO ROBERTO SALAZAR PERDOMO
PARTIDO CONSERVADOR COLOMBIANO,LUIS KAROL LEON VARGAS
PARTIDO CONSERVADOR COLOMBIANO,EDISON ELIECER CUELLAR PACHON
PARTIDO CONSERVADOR COLOMBIANO,JULY ESPERANZA GONZALEZ GOMEZ
PARTIDO CONSERVADOR COLOMBIANO,JUAN PABLO OBREGON ROJAS
PARTIDO CONSERVADOR COLOMBIANO,ANDREA DEL PILAR BORJA CHAPARRO
PARTIDO CONSERVADOR COLOMBIANO,YERALDINE SANCHEZ CRUZ
PARTIDO DEMÓCRATA COLOMBIANO,DANIEL FELIPE BERNAL MONTEALEGRE
PARTIDO DEMÓCRATA COLOMBIANO,JAIME TORRES SUAREZ
PARTIDO DEMÓCRATA COLOMBIANO,WILKINSON ALFONSO FLORIDO ALVAREZ
PARTIDO DEMÓCRATA COLOMBIANO,GUILLERMO GUTIERREZ CRUZ
PARTIDO DEMÓCRATA COLOMBIANO,TANIA ALEJANDRA RODRIGUEZ CACHAYA
PARTIDO DEMÓCRATA COLOMBIANO,PAULA ANDREA LOPEZ PULIDO
PARTIDO DEMÓCRATA COLOMBIANO,NIDYA XIOMARA ROMERO BOLAÑOS
PARTIDO ALIANZA VERDE,WILSON LEONAR GARCIA FAJARDO
PARTIDO ALIANZA VERDE,PIEDAD GUZMAN LAMPREA
PARTIDO ALIANZA VERDE,JHON JAIRO HORTUA VILLALBA
PARTIDO ALIANZA VERDE,ANGELICA VIVIANA SAENZ CARDENAS
PARTIDO ALIANZA VERDE,JULIO MARIO VASQUEZ OCHOA
PARTIDO ALIANZA VERDE,OSCAR MAURICIO SANCHEZ CRUZ
PARTIDO ALIANZA VERDE,LAURA CAMILA VASQUEZ BELTRAN
SALVACIÓN+ALMA+OXÍGENO,EDNA LILIANA REYES RODRIGUEZ
SALVACIÓN+ALMA+OXÍGENO,ROOSEVELT HERNAN FERIA NIETO
SALVACIÓN+ALMA+OXÍGENO,DIANA MILENA DIAZ ESTUPIÑAN
SALVACIÓN+ALMA+OXÍGENO,YANCLY ESCOBAR SIERRA
SALVACIÓN+ALMA+OXÍGENO,LUIS ALFREDO RINCON BAYONA
SALVACIÓN+ALMA+OXÍGENO,SERGIO ALEJANDRO MALAVER RAMIREZ
SALVACIÓN+ALMA+OXÍGENO,MIREYA MARIA OCHOA RIAÑO
PARTIDO NUEVO LIBERALISMO,RAFAEL SANABRIA DIAZ
PARTIDO NUEVO LIBERALISMO,SANDRA CECILIA DONOSO MENDEZ
PARTIDO NUEVO LIBERALISMO,ERIK FERNANDO MUÑOZ SANCHEZ
FRENTE AMPLIO UNITARIO,MARIA FERNANDA SOCHA PUENTES
FRENTE AMPLIO UNITARIO,JORGE FORERO RIVERA
FRENTE AMPLIO UNITARIO,ANA JULIA CUBILLOS MUNCA
FRENTE AMPLIO UNITARIO,JHONNY ALEXANDER SALAMANCA SEGURA
FRENTE AMPLIO UNITARIO,FABIO ALBERTO GIL BOLIVAR
FRENTE AMPLIO UNITARIO,VICTORIA HELENA DURAN RIVERA
FRENTE AMPLIO UNITARIO,NELSON JAVIER MATALLANA MORENO
PARTIDO POLÍTICO DIGNIDAD & COMPROMISO,GERMAN MAURICIO ESCOBAR LATORRE
PARTIDO POLÍTICO DIGNIDAD & COMPROMISO,YEILOR RAFAEL ESPINEL TORRES
PARTIDO POLÍTICO DIGNIDAD & COMPROMISO,JOHN FREDY CHIGUASUQUE CHIGUASUQUE
PARTIDO POLÍTICO DIGNIDAD & COMPROMISO,AMY VALENTINA REINA MAYORGA
PARTIDO DE LA UNIÓN POR LA GENTE - PARTIDO DE LA U,DIANA CAROLINA RIVEROS PAEZ
PARTIDO DE LA UNIÓN POR LA GENTE - PARTIDO DE LA U,JOSE JULIAN AMAYA CABELLOS
PARTIDO DE LA UNIÓN POR LA GENTE - PARTIDO DE LA U,EDWIN ALFREDO GONZALEZ RANGEL
PARTIDO DE LA UNIÓN POR LA GENTE - PARTIDO DE LA U,CARMEN YULEIDA CARVAJALINO AMAYA
PARTIDO DE LA UNIÓN POR LA GENTE - PARTIDO DE LA U,FANNY LILIANA YAÑEZ MENDOZA
PARTIDO CONSERVADOR COLOMBIANO,CIRO ANTONIO RODRIGUEZ PINZON
PARTIDO CONSERVADOR COLOMBIANO,JOSE LUIS DUARTE CONTRERAS
PARTIDO CONSERVADOR COLOMBIANO,MARIA ALEJANDRA NUÑEZ PEÑARANDA
PARTIDO CONSERVADOR COLOMBIANO,NELLY DEL ROSARIO OSORIO BARBOSA
PARTIDO LIBERAL COLOMBIANO,LUIS ARIEL FRANCISCO RODRIGUEZ BELTRAN
PARTIDO LIBERAL COLOMBIANO,JAZLIN ESTHER RESLEN TAPIA
PARTIDO LIBERAL COLOMBIANO,CARMEN DAVID QUINTERO GELVEZ
PARTIDO LIBERAL COLOMBIANO,RAMON ELI TAMARA RIVERA
PARTIDO LIBERAL COLOMBIANO,LIGIA ALEXANDRA GAMBOA GUERRERO
COALICIÓN VERDE - EN MARCHA- LA FUERZA,KATERIN MARIETH GALVAN QUINTERO
COALICIÓN VERDE - EN MARCHA- LA FUERZA,JAIRO TOMAS YAÑEZ RODRIGUEZ
COALICIÓN VERDE - EN MARCHA- LA FUERZA,ALBEIRO BOHORQUEZ MANRIQUE
COALICIÓN VERDE - EN MARCHA- LA FUERZA,JOSE EDWARD MALPICA LIZARAZO
COALICIÓN VERDE - EN MARCHA- LA FUERZA,SILVIA JOHANNA RINCON HERNANDEZ
PARTIDO CAMBIO RADICAL,EIMY JULIETH SUAREZ GONZALEZ
PARTIDO CAMBIO RADICAL,OLGUIN MAYORGA PEREZ
PARTIDO CAMBIO RADICAL,OSCAR MOISES MONTES ARARAT
PARTIDO CAMBIO RADICAL,FANY ESPERANZA CONTRERAS CASTRO
PARTIDO CAMBIO RADICAL,JUAN YENID SUAREZ GOMEZ
PARTIDO CENTRO DEMOCRÁTICO,JUAN FELIPE CORZO ALVAREZ
PARTIDO CENTRO DEMOCRÁTICO,JAIME RICARDO MARTHEY TELLO
PARTIDO CENTRO DEMOCRÁTICO,LAUDELINA PEREZ SOLANO
PARTIDO CENTRO DEMOCRÁTICO,JULIANA ALVARADO ROMERO
PARTIDO CENTRO DEMOCRÁTICO,MARLON CHACON GARNICA
PACTO HISTÓRICO NORTE DE SANTANDER,JAIME ALBERTO GOMEZ MONTAÑEZ
PACTO HISTÓRICO NORTE DE SANTANDER,LILIANA BARRAGAN DIAZ
PACTO HISTÓRICO NORTE DE SANTANDER,OSWALDO ANDRES OBANDO JIMENEZ
PACTO HISTÓRICO NORTE DE SANTANDER,LAURA CRISTINA AMAYA QUINTERO
PACTO HISTÓRICO NORTE DE SANTANDER,LUIS ALBERTO GARCIA GARCIA
MOVIMIENTO SALVACIÓN NACIONAL,CRISTIAN ANTONIO BOHORQUEZ GALVIZ
MOVIMIENTO SALVACIÓN NACIONAL,JHAN ELER PEÑALOZA DELGADO
MOVIMIENTO SALVACIÓN NACIONAL,EDNA PATRICIA CASALLAS ORTEGON
PARTIDO NUEVO LIBERALISMO,JAIME CASTILLA VERJEL
PARTIDO NUEVO LIBERALISMO,VALENTINA GOMEZ NEIRA
PARTIDO NUEVO LIBERALISMO,CARLOS ALBERTO CASTRO SANCHEZ
PARTIDO NUEVO LIBERALISMO,OSCAR ANGARITA VEGA
PARTIDO NUEVO LIBERALISMO,MARLYN MILDRETH MISSE MARTINEZ
MIRA + DIGNIDAD Y COMPROMISO,MIGUEL FRANCISCO URIBE CENTANARO
MIRA + DIGNIDAD Y COMPROMISO,JANELY'S MILETH GARCIA PEREZ
MIRA + DIGNIDAD Y COMPROMISO,JOSE RAFAEL ESPINEL PAEZ
MIRA + DIGNIDAD Y COMPROMISO,YULEISI ACOSTA RODRIGUEZ
MIRA + DIGNIDAD Y COMPROMISO,JOHN EDUARDO PEÑA MEZA
MOVIMIENTO AGRARIO COLOMBIANO,CARLOS ANDRES LATORRE ARAQUE
MOVIMIENTO AGRARIO COLOMBIANO,LEYDA MILENA RIVERA LIZARAZO
MOVIMIENTO AGRARIO COLOMBIANO,DIEGO FERNANDO SUAREZ SANCHEZ
PARTIDO COLOMBIA RENACIENTE,MIGUEL ANGEL FLOREZ LEAL
PARTIDO COLOMBIA RENACIENTE,BERNALDA CASTILLO LINARES
PARTIDO CONSERVADOR COLOMBIANO,JUAN LORETO GOMEZ SOTO
PARTIDO CONSERVADOR COLOMBIANO,LAID DEL SOCORRO DIAZ FRIAS
PARTIDO CONSERVADOR COLOMBIANO,RONAL JAVIER GUERRA VANEGAS
PARTIDO DE LA UNIÓN POR LA GENTE - PARTIDO DE LA U,PABLO PARRA CORDOBA
PARTIDO DE LA UNIÓN POR LA GENTE - PARTIDO DE LA U,JORGE ARMANDO FIGUEROA ANGARITA
PARTIDO DE LA UNIÓN POR LA GENTE - PARTIDO DE LA U,HORTENCIA GUILLERMINA BERNIER SANCHEZ
PACTO HISTÓRICO GUAJIRA,LIMBANO ALFONSO DIAZ HERNANDEZ
PACTO HISTÓRICO GUAJIRA,DELIA LLORELA ROYS MENGUAL
PACTO HISTÓRICO GUAJIRA,DANILO JOSE DE ARMAS IPUANA
PARTIDO POLÍTICO LA FUERZA,MANUEL SEGUNDO ROSADO OJEDA
PARTIDO POLÍTICO LA FUERZA,KETTY JUDITH TORRES MENDOZA
PARTIDO POLÍTICO LA FUERZA,KENDRYS PATRICIA DIAZ PAZ
PARTIDO CENTRO DEMOCRÁTICO,LUANA XIMENA MOSCOTE ATENCIO
PARTIDO CENTRO DEMOCRÁTICO,ANA MARIA URIBE ORREGO
PARTIDO CENTRO DEMOCRÁTICO,HERNAN DARIO GARCIA LOPEZ
COALICIÓN FUERZA CIUDADANA,CARLOS ALBERTO LOPEZ HERNANDEZ
COALICIÓN FUERZA CIUDADANA,KEYRIS CAROLINA VALLE SALAZAR
AHORA COLOMBIA,LUIS MIGUEL RIVADENEIRA MENDOZA
AHORA COLOMBIA,MARBELYS ISOBELCHT MONTIEL IGUARAN
PARTIDO COLOMBIA JUSTA LIBRES,MARIA CONCEPCION PANA ANDRIOLY
PARTIDO COLOMBIA JUSTA LIBRES,PABLO ANTONIO BARRERA CARRILLO
PARTIDO COLOMBIA JUSTA LIBRES,ALEXANDER ROBERTO BRITO DE LUQUE
PARTIDO POLÍTICO OXÍGENO,YOHAN ENRIQUE REDONDO MARTINEZ
PARTIDO POLÍTICO OXÍGENO,NELSON YUNIOR PLATA REDONDO
PARTIDO POLÍTICO OXÍGENO,DAISY ANDREA SANCHEZ CUDRIS
PARTIDO CONSERVADOR COLOMBIANO,GUILLERMO LEON BLANCO VALENCIA
PARTIDO CONSERVADOR COLOMBIANO,LINA MARIA BARRERA RUEDA
PARTIDO CONSERVADOR COLOMBIANO,HENRY RIAÑO CASTILLO
PARTIDO CONSERVADOR COLOMBIANO,JUAN CARLOS OROZCO GOMEZ
PARTIDO CONSERVADOR COLOMBIANO,SILVIA NATALIA FANDIÑO ARDILA
PARTIDO CONSERVADOR COLOMBIANO,JAIME HERNANDEZ JIMENEZ
PARTIDO CONSERVADOR COLOMBIANO,MARIA DEL CARMEN MEZA ARQUEZ
PARTIDO CENTRO DEMOCRÁTICO,MIGUEL ANGEL PINTO RUEDA
PARTIDO CENTRO DEMOCRÁTICO,JONATHAN EDUARDO PINEDA LOPEZ
PARTIDO CENTRO DEMOCRÁTICO,SERGIO ERNESTO ARENAS CASTELLANOS
PARTIDO CENTRO DEMOCRÁTICO,MAURICIO MARTINEZ TRIANA
PARTIDO CENTRO DEMOCRÁTICO,LEONOR PATRICIA CELIS APONTE
PARTIDO CENTRO DEMOCRÁTICO,LIGIA MIREYA MUÑOZ ARGUELLO
PARTIDO DE LA UNIÓN POR LA GENTE - PARTIDO DE LA U,SERGIO ISNARDO MUÑOZ VILLARREAL
PARTIDO DE LA UNIÓN POR LA GENTE - PARTIDO DE LA U,DIEGO FRAN ARIZA PEREZ
PARTIDO DE LA UNIÓN POR LA GENTE - PARTIDO DE LA U,JULIAN ANDRES FONSECA BERMUDEZ
PARTIDO DE LA UNIÓN POR LA GENTE - PARTIDO DE LA U,LUZ ELENA RODRIGUEZ SANCHEZ
PARTIDO DE LA UNIÓN POR LA GENTE - PARTIDO DE LA U,OSCAR MIGUEL JOYA ARENALES
PARTIDO DE LA UNIÓN POR LA GENTE - PARTIDO DE LA U,FRANCY ELENA ALVAREZ OSPINO
PARTIDO DE LA UNIÓN POR LA GENTE - PARTIDO DE LA U,YULEXY JUDITH VILLAMIZAR VEGA
CR-ASI-CJL,JUAN CARLOS CELIS PAEZ
CR-ASI-CJL,ANGELICA MARIA MATEUS SANTAMARIA
CR-ASI-CJL,ERWIN JIMENEZ BECERRA
CR-ASI-CJL,EDWIN GILBERTO BALLESTEROS ARCHILA
CR-ASI-CJL,ERIKA JOHANA GOMEZ DELGADO
CR-ASI-CJL,LUZ MARINA TOLOZA ROJAS
CR-ASI-CJL,JOSE ALBERTO CALDERON CASTAÑEDA
PACTO HISTÓRICO - SANTANDER,CAMILO ALFONSO TORRES PRADA
PACTO HISTÓRICO - SANTANDER,YOLANDA SILVA ROMERO
PACTO HISTÓRICO - SANTANDER,JUAN DE DIOS TARAZONA MENDOZA
PACTO HISTÓRICO - SANTANDER,MARIA ADALGIZA VELASQUEZ
PACTO HISTÓRICO - SANTANDER,HERMES ANDRES PARRA GUZMAN
PACTO HISTÓRICO - SANTANDER,MARIA CRISTINA OBREGON CARRILLO
PARTIDO LIBERAL COLOMBIANO,CRISTIAN ANDRES ARGUELLO CALDERON
PARTIDO LIBERAL COLOMBIANO,MARIO JOSE CARVAJAL JAIMES
PARTIDO LIBERAL COLOMBIANO,CARLOS LUIS ANAYA VEGA
PARTIDO LIBERAL COLOMBIANO,LUISA ADRIANA HERNANDEZ NARANJO
PARTIDO LIBERAL COLOMBIANO,LADY JOHANNA GOMEZ DIAZ
PARTIDO LIBERAL COLOMBIANO,KELLY JULIANA NAVAS HERNANDEZ
PARTIDO LIBERAL COLOMBIANO,JAIRO DEMIS TOQUICA AGUILAR
VERDE EN MARCHA,LUIS FERLEY SIERRA JAIMES
VERDE EN MARCHA,DANIS MARIBEL AYALA SERRANO
VERDE EN MARCHA,YESICA YENIRE RAVELO GARCIA
VERDE EN MARCHA,CARLOS FERNANDO SOTOMONTE GARAVITO
VERDE EN MARCHA,JONATHAN LEONARDO DELGADO NEIRA
VERDE EN MARCHA,CARLOS FELIPE PARRA ROJAS
VERDE EN MARCHA,ANGIE TATIANA NIÑO RIVAS
AHORA COLOMBIA,JAVIER ALONSO VILLAMIZAR SUAREZ
AHORA COLOMBIA,NIXON YECID GUZMAN BUILES
AHORA COLOMBIA,CARLOS ROBERTO ALEXANDER AVILA AGUILAR
AHORA COLOMBIA,LUIS ROBERTO SCHMALBACH CRUZ
AHORA COLOMBIA,LAURA CRISTINA HERRERA LA ROTTA
AHORA COLOMBIA,KENDY YULAY JAIMES CARRILLO
AHORA COLOMBIA,MARIA FERNANDA ESTUPIÑAN TARAZONA
AVANZA,ALEIDA NOGUERA PUERTO
AVANZA,JENNYFER ALMEIDA CARRILLO
AVANZA,LUDWING MANTILLA CASTRO
AVANZA,YESID LEONARDO SILVA PARADA
AVANZA,KARINA CHACON DIAZ
AVANZA,WILLIAM MAURICIO TORRES CARDENAS
COALICIÓN FUERZA CIUDADANA,DANIEL ANDRES PEREZ VILLABONA
COALICIÓN FUERZA CIUDADANA,JAIRO REINALDO CALA SUAREZ
COALICIÓN FUERZA CIUDADANA,JAIME ROJAS LOPEZ
COALICIÓN FUERZA CIUDADANA,LUZ DARY LILIANA CORDOBA SUAREZ
COALICIÓN FUERZA CIUDADANA,YANETH CECILIA ALDANA VARGAS
COALICIÓN FUERZA CIUDADANA,ELBERT VARGAS CUBIDES
COALICIÓN FUERZA CIUDADANA,LISBETH MARIANA CALA ORTEGA
PARTIDO ECOLOGISTA COLOMBIANO,CARLOS MARIN BELTRAN
PARTIDO LIGA GOBERNANTES ANTICORRUPCIÓN - LIGA,LUIS ROBERTO ORDOÑEZ ARDILA
PARTIDO LIGA GOBERNANTES ANTICORRUPCIÓN - LIGA,CARLOS EDUARDO MADRID GOMEZ
PARTIDO LIGA GOBERNANTES ANTICORRUPCIÓN - LIGA,LEYDI CAROLINA GONZALEZ HERREÑO
PARTIDO LIGA GOBERNANTES ANTICORRUPCIÓN - LIGA,CARLOS ANDRES GIL RODRIGUEZ
PARTIDO LIGA GOBERNANTES ANTICORRUPCIÓN - LIGA,MARIA ALEJANDRA PRADA RINCON
PARTIDO LIGA GOBERNANTES ANTICORRUPCIÓN - LIGA,OSCAR FERNANDO MEZA FLOREZ
PARTIDO LIGA GOBERNANTES ANTICORRUPCIÓN - LIGA,GLORIA TERESA MUTIS RINCON
PARTIDO LIBERAL COLOMBIANO,OMAR FRANCISCO VIDAL ROJAS
PARTIDO LIBERAL COLOMBIANO,SANDRA TATIANA PALACIOS MATURANA
PARTIDO LIBERAL COLOMBIANO,BORIS ANDRES PEÑA MOSQUERA
PARTIDO DE LA UNIÓN POR LA GENTE - PARTIDO DE LA U,ASTRID SANCHEZ MONTES DE OCA
PARTIDO DE LA UNIÓN POR LA GENTE - PARTIDO DE LA U,JOSE OLIVER MORENO
PARTIDO DE LA UNIÓN POR LA GENTE - PARTIDO DE LA U,JIMMY RODRIGUEZ PALACIOS
"""ESPERANZA CHOCÓ""",GILDER PALACIOS MOSQUERA
"""ESPERANZA CHOCÓ""",KEVIN MOSQUERA GUERRERO
"""ESPERANZA CHOCÓ""",VIVIAN LISETH ABADIA GAMBOA
PACTO HISTÓRICO CHOCÓ,JULIANA MERCEDES MAYO SANTOS
PACTO HISTÓRICO CHOCÓ,ALEJANDRO ANTONIO RIVAS ASPRILLA
PACTO HISTÓRICO CHOCÓ,EULICES RIOS ROA
PARTIDO CENTRO DEMOCRÁTICO,CARLOS ALBERTO RENTERIA LEMOS
PARTIDO CENTRO DEMOCRÁTICO,EDWIN FERNANDO SERNA DAVID
PARTIDO CENTRO DEMOCRÁTICO,ROSA ELIS LOZANO CABRERA
PARTIDO POLÍTICO MIRA,FANNEY ALVAREZ RENTERIA
ALMA,DORALBA LOPEZ CORREA
ALMA,JOSE FERMIN HINESTROZA GONZALEZ
PARTIDO ECOLOGISTA COLOMBIANO,MARIO MENA RENTERIA
PARTIDO ECOLOGISTA COLOMBIANO,NAIRAVI MOSQUERA MOSQUERA
PARTIDO ECOLOGISTA COLOMBIANO,HECTOR ENRIQUE MENA MENDOZA
PARTIDO CENTRO DEMOCRÁTICO,DARUIN CASTELLANOS ROMERO
PARTIDO CENTRO DEMOCRÁTICO,DAVID FELIPE PEREZ TOVAR
PARTIDO CENTRO DEMOCRÁTICO,JANETH ALONSO VELASQUEZ
PACTO HISTÓRICO - FRENTE AMPLIO,MARIA DEL CARMEN MAYUSA CRUZ
PACTO HISTÓRICO - FRENTE AMPLIO,CESAR AUGUSTO DIAZ MEDINA
PARTIDO DE LA UNIÓN POR LA GENTE - PARTIDO DE LA U,RICARDO JARAMILLO BEAUMONT
PARTIDO DE LA UNIÓN POR LA GENTE - PARTIDO DE LA U,MILTON VIRGILIO CARREÑO SANCHEZ
PARTIDO DE LA UNIÓN POR LA GENTE - PARTIDO DE LA U,LUZ MARY TORRES MARTINEZ
PARTIDO ALIANZA VERDE,MARTHA ISABEL SERRANO GARCIA
PARTIDO ALIANZA VERDE,CARLOS ARTURO VALLEJO BELTRAN
PARTIDO ALIANZA VERDE,LUIGUI RESTREPO PEREZ
MOVIMIENTO SALVACIÓN NACIONAL,CLAUDIA XIMENA CALDERON LEON
MOVIMIENTO SALVACIÓN NACIONAL,JORGE EDUARDO CARDENAS GALINDO
MOVIMIENTO SALVACIÓN NACIONAL,JOSE ANGEL MARTINEZ GUTIERREZ
AHORA COLOMBIA,TARYN GIZELL GRASS MORENO
AHORA COLOMBIA,CAMILO ANDRES PEREIRA CASTRO
AHORA COLOMBIA,NORBEY ARNULFO HERNANDEZ PINEDA
PARTIDO POLÍTICO EN MARCHA,OSCAR ENRIQUE PATIÑO LADINO
PARTIDO POLÍTICO EN MARCHA,LUIS EDUARDO MOSQUERA ARAGON
PARTIDO POLÍTICO EN MARCHA,ROSA LIBIA CUELLAR LOPEZ
PARTIDO LIGA GOBERNANTES ANTICORRUPCIÓN - LIGA,SAID FERNANDO MARTINEZ BUTRABI
PARTIDO LIGA GOBERNANTES ANTICORRUPCIÓN - LIGA,JORGE LUIS VASQUEZ RODRIGUEZ
PARTIDO LIGA GOBERNANTES ANTICORRUPCIÓN - LIGA,NINI JOHANA RIVERA MELO
PARTIDO ECOLOGISTA COLOMBIANO,DIANA ESPERANZA SANTOS AFANADOR
MOVIMIENTO ALIANZA DEMOCRÁTICA AMPLIA,JOSE LUIS PINZON QUINTERO
MOVIMIENTO ALIANZA DEMOCRÁTICA AMPLIA,JEFFERSON LEANDRO ROJAS MARTINEZ
MOVIMIENTO ALIANZA DEMOCRÁTICA AMPLIA,ANDREA YASMIN OROZCO NAVARRO
PARTIDO DE LA UNIÓN POR LA GENTE - PARTIDO DE LA U,VICTOR MANUEL SALCEDO GUERRERO
PARTIDO DE LA UNIÓN POR LA GENTE - PARTIDO DE LA U,JHON FREDY PIMENTEL MURILLO
PARTIDO DE LA UNIÓN POR LA GENTE - PARTIDO DE LA U,CARLOS EDUARDO TORO RUEDA
PARTIDO DE LA UNIÓN POR LA GENTE - PARTIDO DE LA U,CARLOS ALBERTO BEJARANO CASTILLO
PARTIDO DE LA UNIÓN POR LA GENTE - PARTIDO DE LA U,LADISLAO LIÑAN MARTINEZ
PARTIDO DE LA UNIÓN POR LA GENTE - PARTIDO DE LA U,LUIS ALFONSO CHAVEZ RIVERA
PARTIDO DE LA UNIÓN POR LA GENTE - PARTIDO DE LA U,YULY ZAMANTHA MONTAÑO LOPEZ
PARTIDO DE LA UNIÓN POR LA GENTE - PARTIDO DE LA U,MANUEL ALBERTO PINEDA VILLARREAL
PARTIDO DE LA UNIÓN POR LA GENTE - PARTIDO DE LA U,AURA ISABEL GRANADA SANCHEZ
PARTIDO DE LA UNIÓN POR LA GENTE - PARTIDO DE LA U,RAFAEL GUILLERMO MAGLIONI HERMAN
PARTIDO DE LA UNIÓN POR LA GENTE - PARTIDO DE LA U,CLAUDIA VIVIANA MESA REYES
PARTIDO DE LA UNIÓN POR LA GENTE - PARTIDO DE LA U,LIMBANIA MARIA COBO CALERO
PARTIDO DE LA UNIÓN POR LA GENTE - PARTIDO DE LA U,YEISON ALEJANDRO DIAGAMA BERMUDEZ
COALICIÓN LIBERAL - COLOMBIA RENACIENTE,JULIAN ADOLFO ROJAS MONSALVE
COALICIÓN LIBERAL - COLOMBIA RENACIENTE,DAVID PINILLA CALERO
COALICIÓN LIBERAL - COLOMBIA RENACIENTE,MANUEL LAUREANO TORRES MORENO
COALICIÓN LIBERAL - COLOMBIA RENACIENTE,HERNAN SINISTERRA VALENCIA
COALICIÓN LIBERAL - COLOMBIA RENACIENTE,STEVEN ROJAS VALENCIA
COALICIÓN LIBERAL - COLOMBIA RENACIENTE,YEIN CAROLINA GUERRERO OSPINA
COALICIÓN LIBERAL - COLOMBIA RENACIENTE,ANDRES FELIPE GARCES GARCES
COALICIÓN LIBERAL - COLOMBIA RENACIENTE,ROBERT ARRECHEA TORRES
COALICIÓN LIBERAL - COLOMBIA RENACIENTE,MARIA FERNANDA PORTELA FAJARDO
COALICIÓN LIBERAL - COLOMBIA RENACIENTE,LUIS CARLOS GIRALDO MONTENEGRO
COALICIÓN LIBERAL - COLOMBIA RENACIENTE,ANA LUCIA RUIZ VARON
COALICIÓN LIBERAL - COLOMBIA RENACIENTE,JOHN JAIRO GOMEZ AGUIRRE
COALICIÓN LIBERAL - COLOMBIA RENACIENTE,NATALIA ANDREA BOTERO CEBALLOS
MOVIMIENTO POLÍTICO PACTO HISTÓRICO,ALFREDO MONDRAGON GARZON
MOVIMIENTO POLÍTICO PACTO HISTÓRICO,ANA LEIDY ERAZO RUIZ
MOVIMIENTO POLÍTICO PACTO HISTÓRICO,JORGE AUGUSTO PALACIO GARZON
MOVIMIENTO POLÍTICO PACTO HISTÓRICO,LAURA ISABEL VERA ZAPATA
MOVIMIENTO POLÍTICO PACTO HISTÓRICO,CARLOS EDUARDO ARIZABALETA CORRAL
MOVIMIENTO POLÍTICO PACTO HISTÓRICO,PAOLA ANDREA QUIÑONES D'HARO
MOVIMIENTO POLÍTICO PACTO HISTÓRICO,DANIEL DE JESUS MARTINEZ UPEGUI
MOVIMIENTO POLÍTICO PACTO HISTÓRICO,ISABEL OLAYA CUERO
MOVIMIENTO POLÍTICO PACTO HISTÓRICO,CRISTOBAL CAICEDO ANGULO
MOVIMIENTO POLÍTICO PACTO HISTÓRICO,NANCY DENISE CASTILLO GARCIA
MOVIMIENTO POLÍTICO PACTO HISTÓRICO,JERSAIN RIOS BRAVO
MOVIMIENTO POLÍTICO PACTO HISTÓRICO,NATALIA CORDOBA ALEGRIA
MOVIMIENTO POLÍTICO PACTO HISTÓRICO,ANDRES FELIPE ESCOBAR RUANO
PARTIDO CENTRO DEMOCRÁTICO,SANTIAGO CASTRO GOMEZ
PARTIDO CENTRO DEMOCRÁTICO,JAIME IGNACIO ARIZABALETA FAJARDO
PARTIDO CENTRO DEMOCRÁTICO,EDWIN ORLANDO RAMIREZ GIRALDO
PARTIDO CENTRO DEMOCRÁTICO,JULIO CESAR NAVARRETE PULIDO
PARTIDO CENTRO DEMOCRÁTICO,JUAN FELIPE GOMEZ CALDERON
PARTIDO CENTRO DEMOCRÁTICO,DIANA CAROLINA RODRIGUEZ RUIZ
PARTIDO CENTRO DEMOCRÁTICO,ALEJANDRA CIFUENTES REYES
PARTIDO CENTRO DEMOCRÁTICO,JAIR CARDENAS HURTADO
PARTIDO CENTRO DEMOCRÁTICO,IRMA MARIA PAYAN MORENO
PARTIDO CENTRO DEMOCRÁTICO,JORGE LUIS JUNIOR ANDRADE REVELO
PARTIDO CENTRO DEMOCRÁTICO,AMANDA BANGUERO BENITEZ
PARTIDO CENTRO DEMOCRÁTICO,LUZ DARY CASTAÑO PALACIOS
PARTIDO CENTRO DEMOCRÁTICO,MONICA AMPARO GAITAN MUÑOZ
AHORA COLOMBIA,LEIRA GISELLE RAMIREZ GODOY
AHORA COLOMBIA,JAVIER CRIALES HERNANDEZ
AHORA COLOMBIA,ALBA RUTH RICO PORTILLA
AHORA COLOMBIA,JUAN PABLO ROJAS SUAREZ
AHORA COLOMBIA,ANA CAROLINA QUIJANO VALENCIA
AHORA COLOMBIA,ROGER STIVEN LOAIZA SABOGAL
AHORA COLOMBIA,RITA ELENA QUIÑONES ARBOLEDA
AHORA COLOMBIA,CRISTOBAL ERNESTO NAVIA BURITICA
AHORA COLOMBIA,EDWIN HERNANDO MALDONADO PABON
AHORA COLOMBIA,ANDALYD RODRIGUEZ
AHORA COLOMBIA,IGOR DIEGO LEONARDO CALDERON COLORADO
AHORA COLOMBIA,YENNY OSPINA HERRERA
AHORA COLOMBIA,ESTHER SOFIA SEPULVEDA GONZALEZ
PARTIDO ALIANZA VERDE,JUAN PABLO URREA PINEDA
PARTIDO ALIANZA VERDE,ANDRES FELIPE RAMIREZ RESTREPO
PARTIDO ALIANZA VERDE,JOHN ALEXANDER LOPEZ BENAVIDES
PARTIDO ALIANZA VERDE,GEOVANNY JURADO PAZ
PARTIDO ALIANZA VERDE,YENNY FERNANDA RAMIREZ TAPIERO
PARTIDO ALIANZA VERDE,LUIS FERNANDO OSORIO SERNA
PARTIDO ALIANZA VERDE,JAIRO CAMPAZ DIAGO
PARTIDO ALIANZA VERDE,JUAN CARLOS CEBALLOS PEREA
PARTIDO ALIANZA VERDE,BEATRIZ EUGENIA ORTEGON RENGIFO
PARTIDO ALIANZA VERDE,DORIS ALICIA IBARRA TORRES
PARTIDO ALIANZA VERDE,ELMER JOSE MONTAÑA GALLEGO
PARTIDO ALIANZA VERDE,HARVI MESA
PARTIDO ALIANZA VERDE,ADRIANA PATRICIA CERON ARTEAGA
PARTIDO CONSERVADOR COLOMBIANO,CRISTIAN HERNAN VIVEROS VASQUEZ
PARTIDO CONSERVADOR COLOMBIANO,JOHN ANDERSON LOPEZ TABORDA
PARTIDO CONSERVADOR COLOMBIANO,RIGO ALEXANDER VEGA ORTIZ
PARTIDO CONSERVADOR COLOMBIANO,LILIANA PATRICIA SOLANO BEDOYA
PARTIDO CONSERVADOR COLOMBIANO,GONZALO ANDRES GIRALDO DUQUE
PARTIDO CONSERVADOR COLOMBIANO,LUIS QUIÑONES VILLARREAL
PARTIDO CONSERVADOR COLOMBIANO,CRISTIAN DAVID HERNANDEZ VICTORIA
PARTIDO CONSERVADOR COLOMBIANO,RICHARD RIVERA CAMPO
PARTIDO CONSERVADOR COLOMBIANO,ALEJANDRO GAVIRIA NOREÑA
PARTIDO CONSERVADOR COLOMBIANO,ADRIANA PITO DARAVIÑA
PARTIDO CONSERVADOR COLOMBIANO,ALVARO HERNAN CARDONA AGUILAR
PARTIDO CONSERVADOR COLOMBIANO,LUZ ANGELA PULIDO MARTINEZ
PARTIDO CONSERVADOR COLOMBIANO,YUDI TATIANA FORERO VALENCIA
CR-CJL-LIGA DE GOBERNANTES,ANA MARIA SANCLEMENTE JARAMILLO
CR-CJL-LIGA DE GOBERNANTES,HERNANDO GONZALEZ
CR-CJL-LIGA DE GOBERNANTES,EDNA MARIA TAFUR MEJIA
CR-CJL-LIGA DE GOBERNANTES,CARLOS ALBERTO MARTINEZ NOGUERA
CR-CJL-LIGA DE GOBERNANTES,ANDRES FELIPE GUZMAN MORENO
CR-CJL-LIGA DE GOBERNANTES,LUZ ADRIANA CALERO GAVIRIA
CR-CJL-LIGA DE GOBERNANTES,JUAN MANUEL LONDOÑO MUÑOZ
CR-CJL-LIGA DE GOBERNANTES,MAYRA ALEXANDRA PEÑA GARCIA
CR-CJL-LIGA DE GOBERNANTES,HAMILTON RICARD CUESTA
CR-CJL-LIGA DE GOBERNANTES,HUGO RAUL RUANO CONTA
CR-CJL-LIGA DE GOBERNANTES,JOSE ARBEY ALZATE URIBE
CR-CJL-LIGA DE GOBERNANTES,LUZ ANGELA JIMENEZ YEPES
CR-CJL-LIGA DE GOBERNANTES,LUCIANO CALDERON CASTRO
MOVIMIENTO SALVACIÓN NACIONAL,JAIRO MAURICIO ESCOBAR GUZMAN
MOVIMIENTO SALVACIÓN NACIONAL,FERNANDO ALFONSO CRUZ MONTOYA
MOVIMIENTO SALVACIÓN NACIONAL,ANDRES FELIPE GIRALDO MARTINEZ
MOVIMIENTO SALVACIÓN NACIONAL,CARLOS ANDRES GUZMAN GIL
MOVIMIENTO SALVACIÓN NACIONAL,GABRIELA GUERRERO GUERRERO
MOVIMIENTO SALVACIÓN NACIONAL,MONICA CATERINE CASTRO RODRIGUEZ
MOVIMIENTO SALVACIÓN NACIONAL,JULIO CESAR FUENMAYOR GIRON
MOVIMIENTO SALVACIÓN NACIONAL,GLADYS ARCILA NAVARRO
MOVIMIENTO SALVACIÓN NACIONAL,WILLIAM ANDRES CRUZ SANCHEZ
MOVIMIENTO SALVACIÓN NACIONAL,LIDA MARY ARIAS ZULETA
MOVIMIENTO SALVACIÓN NACIONAL,HERNAN LEON BAHAMON NAVIA
MOVIMIENTO SALVACIÓN NACIONAL,JOAQUIN MARINO ORTIZ AVIRAMA
MOVIMIENTO SALVACIÓN NACIONAL,ANDRES ESTEBAN IRIARTE NIVIA
FRENTE AMPLIO UNITARIO,MANUEL TRUQUE CORDOBA
FRENTE AMPLIO UNITARIO,AELIN MICHELLE OBANDO CALVACHE
FRENTE AMPLIO UNITARIO,GLORIA LUCIA SOTO BRAND
FRENTE AMPLIO UNITARIO,DIANA VANESSA VASQUEZ LOZANO
FRENTE AMPLIO UNITARIO,VICTOR HUGO VIDAL PIEDRAHITA
FRENTE AMPLIO UNITARIO,LUIS EDUARDO RENGIFO ROMERO
FRENTE AMPLIO UNITARIO,JHON JAIRO ROA CARDONA
FRENTE AMPLIO UNITARIO,ELOISA MONTAÑO GUERRERO
FRENTE AMPLIO UNITARIO,ALVARO NAZARENO SINISTERRA
FRENTE AMPLIO UNITARIO,LAUREANO CASTELLANOS HOYOS
FRENTE AMPLIO UNITARIO,HAROLD FERNANDO BOTERO GUTIERREZ
FRENTE AMPLIO UNITARIO,OSCAR ENRIQUE VILLERA PADILLA
FRENTE AMPLIO UNITARIO,MARLYN DAYANNA MERIZALDE CARDENAS
PARTIDO DEMÓCRATA COLOMBIANO,MARIA YOVANA RODRIGUEZ GARCIA
PARTIDO DEMÓCRATA COLOMBIANO,YULEINY ARIAS MOSQUERA
PARTIDO DEMÓCRATA COLOMBIANO,MARIA MERCEDES CORTES VIVAS
PARTIDO DEMÓCRATA COLOMBIANO,KAROL ANDREA RIASCOS MURILLO
PARTIDO DEMÓCRATA COLOMBIANO,PEDRO RONALD ALARCON GRISALES
PARTIDO DEMÓCRATA COLOMBIANO,LUIS BONILLA ESPINOZA
PARTIDO DEMÓCRATA COLOMBIANO,HEYDY JULIETH ARANGO ANGULO
PARTIDO DEMÓCRATA COLOMBIANO,OTONIEL RIVAS MOSQUERA
PARTIDO DEMÓCRATA COLOMBIANO,JESUS DAVID CANDELO HURTADO
PARTIDO DEMÓCRATA COLOMBIANO,JHONIER BECERRA GALLEGO
PARTIDO DEMÓCRATA COLOMBIANO,INGRI CATERINE GARCIA ANDULCE
PARTIDO DEMÓCRATA COLOMBIANO,JORGE DANNY ESPINEL GIRALDO
PARTIDO DEMÓCRATA COLOMBIANO,ALIRIO BENIGNO CUERO QUIÑONEZ
COALICIÓN FUERZA CIUDADANA,JAIR DE JESUS TORRES GARCIA
COALICIÓN FUERZA CIUDADANA,LUIS ALBERTO ALBAN URBANO
COALICIÓN FUERZA CIUDADANA,GLORIA AMANDA BALCAZAR
COALICIÓN FUERZA CIUDADANA,JOSE LUIS ESCOBAR RODRIGUEZ
COALICIÓN FUERZA CIUDADANA,ANA LUCIA CERON QUIÑONES
COALICIÓN FUERZA CIUDADANA,JHON JAIRO ARISTIZABAL CORDOBA
COALICIÓN FUERZA CIUDADANA,MARIA EDITH PATIÑO GUERRERO
COALICIÓN FUERZA CIUDADANA,RONALD EDUARDO SALCEDO GARCIA
COALICIÓN FUERZA CIUDADANA,DIEGO EDISON VASQUEZ MAQUILON
COALICIÓN FUERZA CIUDADANA,ELIANA MARCELA COLONIA IZQUIERDO
COALICIÓN FUERZA CIUDADANA,JUAN FELIPE PUERTA HERNANDEZ
PARTIDO POLÍTICO OXÍGENO,AIDA LILIAN GARCES RIOS
PARTIDO POLÍTICO OXÍGENO,SONJA MARIA MERCEDES MARKEN ARANGO
PARTIDO POLÍTICO OXÍGENO,CARLOS ARTURO PALAU BONILLA
PARTIDO POLÍTICO OXÍGENO,EDUARDO ANTONIO TELLO MURCIA
PARTIDO POLÍTICO OXÍGENO,MICHELLE BOTELLO ZARAMA
PARTIDO POLÍTICO OXÍGENO,CARMEN EUCARIS AGREDO RAMIREZ
"MOVIMIENTO AUTORIDADES INDÍGENAS DE COLOMBIA ""AICO""",JULIETH CUCHILLO PEREZ
PARTIDO CENTRO DEMOCRÁTICO,JOSE GREGORIO ORJUELA PEREZ
PARTIDO CENTRO DEMOCRÁTICO,ANA LIGIA MORA MARTINEZ
PARTIDO CENTRO DEMOCRÁTICO,JUAN DAVID ZULUAGA ZULUAGA
PARTIDO CENTRO DEMOCRÁTICO,ANDRES FELIPE GUERRA HOYOS
PARTIDO CENTRO DEMOCRÁTICO,OSCAR DARIO PEREZ PINEDA
PARTIDO CENTRO DEMOCRÁTICO,FEDERICO EDUARDO HOYOS SALAZAR
PARTIDO CENTRO DEMOCRÁTICO,MELISSA ORREGO EUSSE
PARTIDO CENTRO DEMOCRÁTICO,MARIA TERESA MONTOYA ALVAREZ
PARTIDO CENTRO DEMOCRÁTICO,JULIAN FERNANDO LOPERA GARZON
PARTIDO CENTRO DEMOCRÁTICO,LIGIA ESTELA GIL PEREZ
PARTIDO CENTRO DEMOCRÁTICO,JHON JAIRO BERRIO LOPEZ
PARTIDO CENTRO DEMOCRÁTICO,YULIETH ANDREA SANCHEZ CARREÑO
PARTIDO CENTRO DEMOCRÁTICO,OSBALDO ANGULO DE LA ROSA
PARTIDO CENTRO DEMOCRÁTICO,DAVID TOLEDO OSPINA
PARTIDO CENTRO DEMOCRÁTICO,LINA MARCELA MENA CORDOBA
PARTIDO CENTRO DEMOCRÁTICO,SERGIO OSVALDO MOLINA PEREZ
PARTIDO CENTRO DEMOCRÁTICO,ANDRES FELIPE GAVIRIA CANO
PARTIDO CONSERVADOR COLOMBIANO,JAIME ALONSO CANO MARTINEZ
PARTIDO CONSERVADOR COLOMBIANO,JUAN CAMILO CALLEJAS TAMAYO
PARTIDO CONSERVADOR COLOMBIANO,LEONARDO ALVAREZ MARIN
PARTIDO CONSERVADOR COLOMBIANO,LUIS MIGUEL LOPEZ ARISTIZABAL
PARTIDO CONSERVADOR COLOMBIANO,CARLOS ALBERTO LOAIZA GIRALDO
PARTIDO CONSERVADOR COLOMBIANO,FRAY DANIEL SEPULVEDA RIVILLAS
PARTIDO CONSERVADOR COLOMBIANO,NICOLAS ALBEIRO ECHEVERRY ALVARAN
PARTIDO CONSERVADOR COLOMBIANO,YAN MARCILY ZULUAGA SUAREZ
PARTIDO CONSERVADOR COLOMBIANO,ERIKA JOHANNA VILLA MARIN
PARTIDO CONSERVADOR COLOMBIANO,DARIO AUGUSTO ALZATE RAMIREZ
PARTIDO CONSERVADOR COLOMBIANO,MARIANA CARVAJAL LOPEZ
PARTIDO CONSERVADOR COLOMBIANO,ADRIANA MARIA GUERRA GRACIANO
PARTIDO CONSERVADOR COLOMBIANO,ENRIQUE HUMBERTO HENAO GRANJA
PARTIDO CONSERVADOR COLOMBIANO,LUISA FERNANDA OCHOA VILLEGAS
PARTIDO CONSERVADOR COLOMBIANO,YANETH CRISTINA BEDOYA PIEDRAHITA
PARTIDO CONSERVADOR COLOMBIANO,MANUELA ARANGO URIBE
PACTO HISTÓRICO ANTIOQUIA,HERNAN MURIEL PEREZ
PACTO HISTÓRICO ANTIOQUIA,LUZ VERONICA ESTRADA HOLGUIN
PACTO HISTÓRICO ANTIOQUIA,DAVID ALEJANDRO TORO RAMIREZ
PACTO HISTÓRICO ANTIOQUIA,LUISA FERNANDA GIRALDO VILLADA
PACTO HISTÓRICO ANTIOQUIA,GABRIEL JAIME URREGO BERNAL
PACTO HISTÓRICO ANTIOQUIA,DIANA MARCELA VELASCO MORALES
PACTO HISTÓRICO ANTIOQUIA,JUAN GUILLERMO ARIAS ARIAS
PACTO HISTÓRICO ANTIOQUIA,LUISA ESTER PALACIOS SANCHEZ
PACTO HISTÓRICO ANTIOQUIA,DAVINSON ARLEY ARRIETA CARDOZO
PACTO HISTÓRICO ANTIOQUIA,ELIANA MARIA TORRES REAL
PACTO HISTÓRICO ANTIOQUIA,LARRY STEVEN HOYOS ESCOBAR
PACTO HISTÓRICO ANTIOQUIA,DORA CECILIA SALDARRIAGA GRISALES
PACTO HISTÓRICO ANTIOQUIA,FREDY EDISON LARGO SUAREZ
PACTO HISTÓRICO ANTIOQUIA,LAURA MANUELA GOMEZ OCAMPO
PACTO HISTÓRICO ANTIOQUIA,JULIO ALEJANDRO GIRALDO PEREIRA
CREEMOS,SIMON MOLINA GOMEZ
CREEMOS,HECTOR JAIME RENDON OSORIO
CREEMOS,LUIS GUILLERMO PATIÑO ARISTIZABAL
CREEMOS,GERMAN DARIO HOYOS GIRALDO
CREEMOS,INGRI EMIR HOLGUIN RENDON
CREEMOS,EDWIN ANGOLA MENA
CREEMOS,VIVIANA MUÑOZ GIRALDO
CREEMOS,JOSE MIGUEL ZULUAGA MORA
CREEMOS,CARLOS IGNACIO CUERVO VALENCIA
CREEMOS,RODRIGO PATIÑO CORREA
CREEMOS,IVAN ALONSO MONTOYA URREGO
CREEMOS,CAROLINA VARGAS GOMEZ
CREEMOS,JUAN DAVID GUZMAN CANO
CREEMOS,CLAUDIA PATRICIA HOYOS ARISMENDI
CREEMOS,CAMILA OSPINA ZAPATA
CREEMOS,CAMILA JARAMILLO CANO
CREEMOS,FABIO ALONSO NARANJO VILLADA
PARTIDO LIBERAL COLOMBIANO,NESTOR DAVID RESTREPO BONNETT
PARTIDO LIBERAL COLOMBIANO,LUIS CARLOS OCHOA TOBON
PARTIDO LIBERAL COLOMBIANO,CAMILO ANDRES GOMEZ MOSQUERA
PARTIDO LIBERAL COLOMBIANO,DIVER NEY FRANCO TEJADA
PARTIDO LIBERAL COLOMBIANO,NELIDA MARIN CHICA
PARTIDO LIBERAL COLOMBIANO,JOHN RICARDO LONDOÑO PIEDRAHITA
PARTIDO LIBERAL COLOMBIANO,PAOLA ANDREA PINEDA MONTOYA
PARTIDO LIBERAL COLOMBIANO,MARTHA EDY AGUIRRE ROJO
PARTIDO LIBERAL COLOMBIANO,HERNAN DARIO ECHEVERRI ARBOLEDA
PARTIDO LIBERAL COLOMBIANO,EICER JHONSON HOYOS OCAMPO
PARTIDO LIBERAL COLOMBIANO,SHEILA LIZEHT RODRIGUEZ VALBUENA
PARTIDO LIBERAL COLOMBIANO,YUCELLY RINCON TORRADO
PARTIDO LIBERAL COLOMBIANO,MARCO AURELIO RESTREPO GIRALDO
PARTIDO LIBERAL COLOMBIANO,JORGE IVAN GIRALDO FLOREZ
PARTIDO LIBERAL COLOMBIANO,LUCAS MUÑOZ ALVAREZ
PARTIDO LIBERAL COLOMBIANO,ISABEL DEL SOCORRO MUÑOZ PALACIO
PARTIDO LIBERAL COLOMBIANO,DANIELA DUCUARA QUESADA
AHORA COLOMBIA,NELSON FERNANDO CARMONA LOPERA
AHORA COLOMBIA,YURI MARCELA EUSSE TOBON
AHORA COLOMBIA,VICTOR JAVIER CORREA VELEZ
AHORA COLOMBIA,HANNA DIMELSA ESCOBAR CORREA
AHORA COLOMBIA,CRISTIAN CAMILO QUINTERO GIRALDO
AHORA COLOMBIA,FABIAN MARCELO BETANCUR RIVERA
AHORA COLOMBIA,ALEJANDRA SANCHEZ ZULUAGA
AHORA COLOMBIA,RAFAEL ANDRES NANCLARES OSPINA
AHORA COLOMBIA,ALEJANDRO ARCILA JIMENEZ
AHORA COLOMBIA,EBERTO SMITH SAEZ MERCADO
AHORA COLOMBIA,DANIEL OSPINA AYALA
AHORA COLOMBIA,GILBERTO ANTONIO TORRES ESPITIA
AHORA COLOMBIA,CINTHIA LIZETH FOLLECO AGUILAR
AHORA COLOMBIA,JUAN CAMILO SALAZAR MARTINEZ
AHORA COLOMBIA,VLADIMIR DE JESUS RAMIREZ RODRIGUEZ
AHORA COLOMBIA,JHOANA DE JESUS BUSTAMANTE TORRES
AHORA COLOMBIA,YERLIN TATIANA HIDALGO NARVAEZ
CR-LAU-MSN-OXI,MARIELA HENAO FLOREZ
CR-LAU-MSN-OXI,LINA MARCELA GARCIA GAÑAN
CR-LAU-MSN-OXI,MAURICIO PARODI DIAZ
CR-LAU-MSN-OXI,ARIES WEST ROWE MATEUS
CR-LAU-MSN-OXI,NATALY VELEZ LOPERA
CR-LAU-MSN-OXI,WILSON CORDOBA MENA
CR-LAU-MSN-OXI,KATHERINE VELASQUEZ SILVA
CR-LAU-MSN-OXI,LUISA DEL RIO SAAVEDRA
CR-LAU-MSN-OXI,RICARDO ROJAS ESCOBAR
CR-LAU-MSN-OXI,LAURA GALLEGO SOLIS
CR-LAU-MSN-OXI,MARIA MANUELA CUARTAS BUITRAGO
CR-LAU-MSN-OXI,DIEGO ALEXANDER VALENCIA CORREA
CR-LAU-MSN-OXI,JUAN FELIPE RESTREPO TAMAYO
CR-LAU-MSN-OXI,JOHN JAIME URREA CHICA
CR-LAU-MSN-OXI,ELIECER VILLA GIRALDO
CR-LAU-MSN-OXI,JUAN DAVID BALLESTEROS PINEDA
CR-LAU-MSN-OXI,JOHN FREDY VILLADA MORALES
"COALICIÓN ALIANZA VERDE, EN MARCHA, ASI",JUAN CAMILO LONDOÑO BARRERA
"COALICIÓN ALIANZA VERDE, EN MARCHA, ASI",CAMILO ANDRES AGUILAR ALVAREZ
"COALICIÓN ALIANZA VERDE, EN MARCHA, ASI",JUAN DAVID ROLDAN ALVAREZ
"COALICIÓN ALIANZA VERDE, EN MARCHA, ASI",MARCELA RESTREPO BARRERA
"COALICIÓN ALIANZA VERDE, EN MARCHA, ASI",JUAN DAVID FLOREZ CANO
"COALICIÓN ALIANZA VERDE, EN MARCHA, ASI",ERIKA ROOTS RENTERIA
"COALICIÓN ALIANZA VERDE, EN MARCHA, ASI",GUSTAVO ADOLFO GARCIA PINEDA
"COALICIÓN ALIANZA VERDE, EN MARCHA, ASI",MARLA URIBE VELASQUEZ
"COALICIÓN ALIANZA VERDE, EN MARCHA, ASI",LUIS BERNARDO VELEZ MONTOYA
"COALICIÓN ALIANZA VERDE, EN MARCHA, ASI",HUGO RAMIRO ARBELAEZ OSORIO
"COALICIÓN ALIANZA VERDE, EN MARCHA, ASI",LUISA FERNANDA PALACIO MESA
"COALICIÓN ALIANZA VERDE, EN MARCHA, ASI",MARCOS JAVIER MADERA CAMERO
"COALICIÓN ALIANZA VERDE, EN MARCHA, ASI",DAMIAN GARCES RESTREPO
"COALICIÓN ALIANZA VERDE, EN MARCHA, ASI",ALEJANDRA GONZALEZ VARGAS
"COALICIÓN ALIANZA VERDE, EN MARCHA, ASI",MARIA ISABEL MUÑOZ TOBON
"COALICIÓN ALIANZA VERDE, EN MARCHA, ASI",SANTIAGO JARAMILLO BOTERO
ALMA,EVER DARIO ECHAVARRIA TABORDA
ALMA,MARLY LICETH HERRERA DUQUE
ALMA,OSCAR ALONSO VELEZ ROJAS
ALMA,CARLOS MARIO OSORIO FRANCO
ALMA,AURA NELLY MOSQUERA PALACIOS
ALMA,REBECA MARIA CONTRERAS ABAD
ALMA,LUIS ALBERTO MESA RUIZ
ALMA,DEYRA DEL ROSARIO MARTINEZ MOLINA
ALMA,JESUS ANTONIO FORONDA DIAZ
ALMA,GLADYS PATRICIA GALLEGO CASTAÑEDA
ALMA,JAVIER ANIBAL AREIZA LONDOÑO
ALMA,CALIXTO ENRIQUE MANOTAS MARTINEZ
ALMA,LUIS GONZALO GIRALDO AGUIRRE
ALMA,YANITH ALFREDO SEGURA ARRIETA
ALMA,JUAN GUILLERMO ALDANA GALLEGO
ALMA,ABRAHAM ROBLEDO LAGAREJO
ALMA,LUCINA AMPARO GONZALEZ
FRENTE AMPLIO UNITARIO,TERESA DE JESUS MAZO HIGUITA
FRENTE AMPLIO UNITARIO,DARUIN WISNEY GUISADO TORRES
FRENTE AMPLIO UNITARIO,BENJAMIN ROJAS
FRENTE AMPLIO UNITARIO,ANTONIO JOSE MONTOYA ACEVEDO
FRENTE AMPLIO UNITARIO,CARLOS SEGUNDO OLIVEROS PERALTA
FRENTE AMPLIO UNITARIO,CLAUDIA ISABELINA PEREZ ALCARAZ
FRENTE AMPLIO UNITARIO,JHONY RUFINO LOZANO BERROCAL
FRENTE AMPLIO UNITARIO,NORA ELENA ADARVE CASTAÑEDA
FRENTE AMPLIO UNITARIO,JULIO CESAR BONILLA MOSQUERA
FRENTE AMPLIO UNITARIO,LUIS ALBERTO VELEZ CALDERON
FRENTE AMPLIO UNITARIO,ALBA MAGALY VASQUEZ AGUIRRE
FRENTE AMPLIO UNITARIO,LUZ ADRIANA ARANZAZU VARGAS
FRENTE AMPLIO UNITARIO,EDGAR RAUL MEDINA VALBUENA
FRENTE AMPLIO UNITARIO,ALEJANDRO CARMONA HURTADO
FRENTE AMPLIO UNITARIO,SALOMON HENAO TAMAYO
FRENTE AMPLIO UNITARIO,DORA IRENE LEZCANO MEDINA
COALICIÓN FUERZA CIUDADANA,PEDRO BARACUTAO GARCIA OSPINA
COALICIÓN FUERZA CIUDADANA,SARA BOTERO ALVAREZ
COALICIÓN FUERZA CIUDADANA,OMAR DE JESUS RESTREPO CORREA
COALICIÓN FUERZA CIUDADANA,DIANI SAMIRA SILVA RUA
COALICIÓN FUERZA CIUDADANA,SANTIAGO ORTIZ SALAZAR
PARTIDO LIBERAL COLOMBIANO,JORGE ELIECER SERRANO CASALINS
PARTIDO LIBERAL COLOMBIANO,PABLO JOSE ACUÑA HERRERA
PARTIDO LIBERAL COLOMBIANO,KELYN JOHANA GONZALEZ DUARTE
PARTIDO LIBERAL COLOMBIANO,MARLY ESTHER MOLINA ALVAREZ
PARTIDO LIBERAL COLOMBIANO,INGRID JOHANA AGUIRRE JUVINAO
PACTO HISTÓRICO MAGDALENA,JOSE FELIPE HERNANDEZ POLO
PACTO HISTÓRICO MAGDALENA,NAYLEA MELISSA BARROS MARTINEZ
PACTO HISTÓRICO MAGDALENA,EFRAIN ALFREDO MOJICA PINEDO
PACTO HISTÓRICO MAGDALENA,YAMILEX YELITXE CHARRIS POLO
PACTO HISTÓRICO MAGDALENA,VILBRUN EDWARD TOVAR PEÑA
COALICIÓN FUERZA CIUDADANA,JORGE LUIS AGUDELO APREZA
COALICIÓN FUERZA CIUDADANA,MARTHA MILAGROS PEREZ GUTIERREZ
COALICIÓN FUERZA CIUDADANA,DANILO JOSE BELTRAN PAYARES
"""SUMA""",HERNANDO GUIDA PONCE
"""SUMA""",JOSE GALO CAMPO CABALLERO
"""SUMA""",YOLINDA CECILIA GONZALEZ TRESPALACIOS
"""SUMA""",KATHERINE LIZET GUERRERO PARDO
COALICIÓN DEMÓCRATA AMPLIA POR LA PAZ,ELIZABETH SABINA MOLINA CAMPO
COALICIÓN DEMÓCRATA AMPLIA POR LA PAZ,JOHN MARLON ALMARALES BERDUGO
COALICIÓN DEMÓCRATA AMPLIA POR LA PAZ,MARIO RAFAEL SANJUANELO DURAN
COALICIÓN DEMÓCRATA AMPLIA POR LA PAZ,FLAVIA KALINA MARRIAGA OLIVEROS
COALICIÓN DEMÓCRATA AMPLIA POR LA PAZ,MARTHA CECILIA DIAZ GARCIA
PARTIDO CENTRO DEMOCRÁTICO,CHADAN FRANCISCO ROSADO TAYLOR
PARTIDO CENTRO DEMOCRÁTICO,ISIS MARGARITA NAVARRO CERA
PARTIDO CENTRO DEMOCRÁTICO,MARIA CLAUDIA PACHECO AARON
PARTIDO CENTRO DEMOCRÁTICO,JORGE ARMANDO BOJATO BALLENA
PARTIDO CENTRO DEMOCRÁTICO,ALBERTO MARIO GUTIERREZ URIBE
PARTIDO CONSERVADOR COLOMBIANO,FRANKLIN DEL CRISTO LOZANO DE LA OSSA
PARTIDO CONSERVADOR COLOMBIANO,ZOILA ROSA LUNA MONTENEGRO
PARTIDO CONSERVADOR COLOMBIANO,ELISEO JOSE BARRAZA BARRIOS
PARTIDO CONSERVADOR COLOMBIANO,FRANCISCO JOSE GUTIERREZ BLANCO
PARTIDO CONSERVADOR COLOMBIANO,SARAY LORENA GAMEZ BOLAÑO
PARTIDO POLÍTICO ESPERANZA DEMOCRÁTICA,HONALDO ALBERTO QUINTO MUÑOZ
PARTIDO POLÍTICO ESPERANZA DEMOCRÁTICA,BELIA CIBELL DEL CARMEN ZABALETA CARDENAS
PARTIDO POLÍTICO ESPERANZA DEMOCRÁTICA,DELMIS MENDOZA ARIZA
PARTIDO POLÍTICO ESPERANZA DEMOCRÁTICA,JOLIDIZ MILENA DIAZ FONSECA
PARTIDO POLÍTICO ESPERANZA DEMOCRÁTICA,EDWIN VLADIMIR PERALTA MARTINEZ
PARTIDO CONSERVADOR COLOMBIANO,GUILLERMO IGNACIO ALVIRA ACOSTA
PARTIDO CONSERVADOR COLOMBIANO,JOSE ALEJANDRO MARTINEZ SANCHEZ
PARTIDO CONSERVADOR COLOMBIANO,GERARDO YEPES CARO
PARTIDO CONSERVADOR COLOMBIANO,DELCY ESPERANZA ISAZA BUENAVENTURA
PARTIDO CONSERVADOR COLOMBIANO,LINDA ESPERANZA PERDOMO RAMIREZ
PARTIDO CONSERVADOR COLOMBIANO,ADRIANA AVILES ALVARADO
PACTO VERDE POR EL TOLIMA,RENSO ALEXANDER GARCIA PARRA
PACTO VERDE POR EL TOLIMA,MARCO EMILIO HINCAPIE RAMIREZ
PACTO VERDE POR EL TOLIMA,MARTHA LISBETH ALFONSO JURADO
PACTO VERDE POR EL TOLIMA,DEYANIRA CONDE DUCUARA
PACTO VERDE POR EL TOLIMA,OLGA NIYIRETH CARDOZO MILLAN
PACTO VERDE POR EL TOLIMA,TATIANA CAROLINA CRUZ MAHECHA
PARTIDO CENTRO DEMOCRÁTICO,CARLOS EDWARD OSORIO AGUIAR
PARTIDO CENTRO DEMOCRÁTICO,ADRIANA CAROLINA CASTILLO TRUJILLO
PARTIDO CENTRO DEMOCRÁTICO,JUAN CARLOS TAMAYO SALAS
PARTIDO CENTRO DEMOCRÁTICO,CLARA INES FALLA FALLA
PARTIDO CENTRO DEMOCRÁTICO,CARLOS ANDRES LOPEZ CHICA
PARTIDO CENTRO DEMOCRÁTICO,YEISON PAVA ROJAS
PARTIDO LIBERAL COLOMBIANO,OLGA BEATRIZ GONZALEZ CORREA
PARTIDO LIBERAL COLOMBIANO,MARTHA LIGIA ARIAS ALBINO
PARTIDO LIBERAL COLOMBIANO,JAIME ARMANDO YEPES MARTINEZ
PARTIDO LIBERAL COLOMBIANO,ALBA ISABEL DOMINGUEZ CASABIANCA
PARTIDO LIBERAL COLOMBIANO,FERNEY VARON OCHOA
"PARTIDO DE LA U, MIRA, SALVACIÓN NACIONAL, ADA",CAROLINA HURTADO BARRERA
"PARTIDO DE LA U, MIRA, SALVACIÓN NACIONAL, ADA",CARLOS DAVID ÑUZTES
"PARTIDO DE LA U, MIRA, SALVACIÓN NACIONAL, ADA",ANGELICA JOHANNA ORTIZ CUADROS
"PARTIDO DE LA U, MIRA, SALVACIÓN NACIONAL, ADA",MARIA DEL PILAR GIRALDO RAMIREZ
"PARTIDO DE LA U, MIRA, SALVACIÓN NACIONAL, ADA",DIDIER FABIAN BLANCO RODRIGUEZ
"PARTIDO DE LA U, MIRA, SALVACIÓN NACIONAL, ADA",JULIO ROBERTO VARGAS MALAGON
PARTIDO COLOMBIA JUSTA LIBRES,RODRIGO RIVERA JARA
PARTIDO COLOMBIA JUSTA LIBRES,MARIA PATRICIA PIRAQUIVE SUAREZ
PARTIDO COLOMBIA JUSTA LIBRES,JOHN JAMES DIAZ BERNAL
PARTIDO COLOMBIA JUSTA LIBRES,JESUS MARIA HERNANDEZ SANCHEZ
PARTIDO COLOMBIA JUSTA LIBRES,LUZ MERY TIMOTE COLO
PARTIDO COLOMBIA JUSTA LIBRES,ARMANDO GARZON HERNANDEZ
PARTIDO POLÍTICO LA FUERZA,EDNA LORENA MONTERO
PARTIDO POLÍTICO LA FUERZA,LINA KATHERIN ORTIZ BELTRAN
PARTIDO POLÍTICO LA FUERZA,MARIA ANGELICA LOSADA VELEZ
PARTIDO POLÍTICO LA FUERZA,FARLEY CASTIBLANCO GONZALEZ
PARTIDO POLÍTICO LA FUERZA,LUZ MERY BRAVO ARGOTE
PARTIDO POLÍTICO DIGNIDAD & COMPROMISO,ANGELA YANET CARRILLO PIÑEROS
PARTIDO POLÍTICO DIGNIDAD & COMPROMISO,JOSE NICOLAS LOPEZ BETANCOURT
PARTIDO POLÍTICO DIGNIDAD & COMPROMISO,WILSON CEDIEL MARIN
PARTIDO POLÍTICO DIGNIDAD & COMPROMISO,OSCAR AUGUSTO SOTOMAYOR URIBE
PARTIDO POLÍTICO DIGNIDAD & COMPROMISO,VIVIANA MARIA MORA MORA
FUERZA TOLIMA,MARY LUZ BISCUE URBANO
FUERZA TOLIMA,TANIA EUGENIA MACETO CELEMIN
FUERZA TOLIMA,JORGE ENRIQUE CORREA HERNANDEZ
MOVIMIENTO POLÍTICO PACTO HISTÓRICO,CARMEN FELISA RAMIREZ BOSCAN
MOVIMIENTO POLÍTICO PACTO HISTÓRICO,JOSE DE JESUS GAMBOA GONZALEZ
MOVIMIENTO POLÍTICO PACTO HISTÓRICO,HEIDY MARGARITA BELEÑO ECHEVERRIA
PARTIDO CENTRO DEMOCRÁTICO,PEDRO ALEJANDRO MURCIA LAMPREA
PARTIDO CENTRO DEMOCRÁTICO,OLGA LUCIA MURCIA PINZON
PARTIDO CENTRO DEMOCRÁTICO,ALVARO CAMILO FLORIDO PERDOMO
MIRA + DIGNIDAD Y COMPROMISO,LESLYE ALEJANDRA OSPINA RAMIREZ
MIRA + DIGNIDAD Y COMPROMISO,LITZA MARIA MAYORGA GARCIA
ALIANZA VERDE Y EN MARCHA,CARLOS JOSE ACUÑA ARAUJO
ALIANZA VERDE Y EN MARCHA,YASMITH VARGAS OYUELA
ALIANZA VERDE Y EN MARCHA,JUAN CARLOS TANUS TUIRAN
MOVIMIENTO SALVACIÓN NACIONAL,OSWALDO FERRI ORTIZ RAMOS
MOVIMIENTO SALVACIÓN NACIONAL,ZOILA DE VOZ YANCE
MOVIMIENTO SALVACIÓN NACIONAL,CESAR EDUARDO CASTRO CARDENAS
FRENTE AMPLIO COLOMBIA EN EL EXTERIOR,FRANKLIN HUMBERTO CORAL GARRIDO
FRENTE AMPLIO COLOMBIA EN EL EXTERIOR,GENER ALEXANDER USUGA
FRENTE AMPLIO COLOMBIA EN EL EXTERIOR,DIANA MARCELA MARTINEZ MARTINEZ
PARTIDO NUEVO LIBERALISMO,JULIO CESAR AGUIRRE LEON
PARTIDO NUEVO LIBERALISMO,HASBLEIBY AFRICANO ALONSO
PARTIDO CAMBIO RADICAL,MARIA TERESA JARAMILLO LOPEZ
PARTIDO CAMBIO RADICAL,GONZALO DIAZ DORANTE
PARTIDO CAMBIO RADICAL,LUIS EDUARDO ACOSTA ISAZA
PARTIDO CONSERVADOR COLOMBIANO,OMAR GIOVANY FEIJO GARZON
PARTIDO CONSERVADOR COLOMBIANO,RICARDO CHICA CEPEDA
PARTIDO CONSERVADOR COLOMBIANO,MARTHA PATRICIA CHALA PACHECO
PARTIDO LIBERAL COLOMBIANO,MILTON ANDRES VALDERRAMA SERNA
PARTIDO LIBERAL COLOMBIANO,ANDRES FARID PATIÑO GIRALDO
PARTIDO LIBERAL COLOMBIANO,ROSA EUGENIA MORENO ORTEGA
PARTIDO DE LA UNIÓN POR LA GENTE - PARTIDO DE LA U,RICHARD ALFREDO BIDO MURILLO
PARTIDO DE LA UNIÓN POR LA GENTE - PARTIDO DE LA U,YOJAIRA ARIZA GUERRERO
PARTIDO DE LA UNIÓN POR LA GENTE - PARTIDO DE LA U,ADITH MENESES VILLARREAL
PARTIDO POLÍTICO OXÍGENO,YUDIN MARIA GUZMAN OSORIO
PARTIDO POLÍTICO OXÍGENO,DAVID JACOBO GOMEZ ZAMORA
COALICIÓN FUERZA CIUDADANA,ROSA ALEYDA GORDILLO URIBE
ALMA,LUIS EDUARDO CUAO LUBO
ALMA,INGRID BEATRIZ PARDO DEVIA
ALMA,MATEO MARTINEZ ALCAZAR
PARTIDO DEMÓCRATA COLOMBIANO,LILIANA CASTILLO MOSQUERA
PARTIDO DEMÓCRATA COLOMBIANO,JUAN CARLOS PALENCIA SUAREZ
"PARTIDO ALIANZA SOCIAL INDEPENDIENTE ""ASI""",JUAN GUILLERMO ORTIZ HOYOS
PARTIDO LIBERAL COLOMBIANO,EDGAR GOMEZ CASTILLO
PARTIDO LIBERAL COLOMBIANO,CESAR CRISTIAN GOMEZ CASTRO
PARTIDO LIBERAL COLOMBIANO,LUCY AMPARO GUZMAN GONZALEZ
PARTIDO LIBERAL COLOMBIANO,NELSON PALECHOR OBANDO
MOVIMIENTO POLÍTICO PACTO HISTÓRICO,JORGE HERNAN BASTIDAS ROSERO
MOVIMIENTO POLÍTICO PACTO HISTÓRICO,LUZ MIRYAN MONCAYO
MOVIMIENTO POLÍTICO PACTO HISTÓRICO,ANDRES FELIPE NAVARRO PAZ
MOVIMIENTO POLÍTICO PACTO HISTÓRICO,MARYLEN SERNA SALINAS
FUERZA CAUCA,VICTOR ANDRES ARMERO HERNANDEZ
FUERZA CAUCA,ARNULFO MOSTACILLA CARABALI
FUERZA CAUCA,MERCY ALEXANDRA BURBANO GARCIA
PARTIDO NUEVO LIBERALISMO,MAYRA ALEJANDRA VALENCIA BALANTA
PARTIDO NUEVO LIBERALISMO,CAMILO ANDRES ASTAIZA PUERTA
PARTIDO NUEVO LIBERALISMO,MANUEL FELIPE PARRA FLETCHER
PARTIDO NUEVO LIBERALISMO,ROGER JAVIER BOLAÑOS PAZOS
PARTIDO CENTRO DEMOCRÁTICO,JENNY ALEXANDRA CERON HERNANDEZ
PARTIDO CENTRO DEMOCRÁTICO,JUAN JOSE SALAMANCA VILLEGAS
PARTIDO CENTRO DEMOCRÁTICO,JENNER JESUS RIASCOS RIASCOS
PARTIDO CAMBIO RADICAL,LUIS MIGUEL ZAMBRANO VELASCO
PARTIDO CAMBIO RADICAL,OSCAR RODRIGO CAMPO HURTADO
PARTIDO CAMBIO RADICAL,ROSALBA JOAQUI JOAQUI
PARTIDO CAMBIO RADICAL,JESUS ELVER GONZALEZ BANGUERO
"MOVIMIENTO ALTERNATIVO INDÍGENA Y SOCIAL ""MAIS""",ALVARO JOSE MEJIA ARIAS
"MOVIMIENTO ALTERNATIVO INDÍGENA Y SOCIAL ""MAIS""",EMITH LOZANO DIAZ
"MOVIMIENTO ALTERNATIVO INDÍGENA Y SOCIAL ""MAIS""",FELIPE ANTONIO VASQUEZ COLLAZOS
PARTIDO POLÍTICO DIGNIDAD & COMPROMISO,NEIMAN DARIO SOLARTE CALAMBAS
PARTIDO POLÍTICO DIGNIDAD & COMPROMISO,NELSON EDUARDO PAZ ANAYA
PARTIDO POLÍTICO DIGNIDAD & COMPROMISO,ROYBER GALY MELENJE SAUCA
PARTIDO POLÍTICO DIGNIDAD & COMPROMISO,SUSAN JOHANA SOLANO RAMIREZ
MOVIMIENTO SALVACIÓN NACIONAL,ANA MARIA AYERBE MOSQUERA
PARTIDO LIBERAL COLOMBIANO,JOSE FREDY ARIAS HERRERA
PARTIDO LIBERAL COLOMBIANO,ANIBAL GUSTAVO HOYOS FRANCO
PARTIDO LIBERAL COLOMBIANO,MAICOL LOPERA CARDONA
PARTIDO LIBERAL COLOMBIANO,CLAUDIA MARCELA GIRALDO GONZALEZ
PARTIDO DE LA U - CAMBIO RADICAL,FRANYELA BERMUDEZ SERNA
PARTIDO DE LA U - CAMBIO RADICAL,CLAUDIA JULIANA ENCISO MONTES
PARTIDO DE LA U - CAMBIO RADICAL,CARLOS MARIO GIL CASTAÑEDA
PARTIDO DE LA U - CAMBIO RADICAL,JORGE DIEGO RAMOS CASTAÑO
CENTRO DEMOCRÁTICO- MIRA,JOSE DURGUES ESPINOSA MARTINEZ
CENTRO DEMOCRÁTICO- MIRA,GEOVANY LONDOÑO GONZALEZ
CENTRO DEMOCRÁTICO- MIRA,PABLO MEJIA QUINTANA
CENTRO DEMOCRÁTICO- MIRA,MARCELA MARIA PINEDA ARANGO
"""POR RISARALDA""",JUAN CARLOS RIVERA PEÑA
"""POR RISARALDA""",ANDRES HERNANDO TAMAYO GUARIN
"""POR RISARALDA""",HUBER NELSON GUISAO GUISAO
"""POR RISARALDA""",ATENEA CASTRO AGUDELO
PARTIDO ALIANZA VERDE,JOSE RODRIGO TORO MONTES
PARTIDO ALIANZA VERDE,ALEJANDRO GARCIA RIOS
PARTIDO ALIANZA VERDE,JUAN PABLO RAMIREZ CARDONA
PARTIDO ALIANZA VERDE,MARIANA GIL VALENCIA
PACTO POR RISARALDA,FERNANDO ARIAS CARDONA
PACTO POR RISARALDA,JULIANA GIRALDO VELEZ
PACTO POR RISARALDA,OSCAR EDUARDO JARAMILLO TABORDA
PACTO POR RISARALDA,LUISA FERNANDA CARVAJAL MEJIA
MOVIMIENTO SALVACIÓN NACIONAL,OSCAR AUGUSTO OSPINA OSPINA
MOVIMIENTO SALVACIÓN NACIONAL,LINA DANIELA ECHAVARRIA GUILLEN
PARTIDO NUEVO LIBERALISMO,JUAN MANUEL QUINTERO GONZALEZ
PARTIDO NUEVO LIBERALISMO,DIANA MILENA CEBALLOS REYES
PARTIDO COLOMBIA JUSTA LIBRES,MICHEL MABEL RAMOS
PARTIDO COLOMBIA JUSTA LIBRES,EDGAR DANIEL RIVEROS GALIANO
FRENTE AMPLIO RISARALDA,OSCAR CRUZ RAMIREZ
FRENTE AMPLIO RISARALDA,NELLY ANGELICA AGUDELO CALDERON
FRENTE AMPLIO RISARALDA,GABRIEL ENRIQUE PEDROZA ARANGO
FRENTE AMPLIO RISARALDA,REINELLY ZAPATA VALENCIA
PARTIDO ALIANZA VERDE,JAIME RAUL SALAMANCA TORRES
PARTIDO ALIANZA VERDE,YAMIT NOE HURTADO NEIRA
PARTIDO ALIANZA VERDE,RAMIRO BARRAGAN ADAME
PARTIDO ALIANZA VERDE,ADELINDA NUMPAQUE SARMIENTO
PARTIDO ALIANZA VERDE,WILLIAM DONATO GOMEZ
PARTIDO ALIANZA VERDE,VIVIAN ANDREA NIETO FLOREZ
PARTIDO CONSERVADOR - MOVIMIENTO SALVACIÓN NACIONAL,INGRID MARLEN SOGAMOSO ALFONSO
PARTIDO CONSERVADOR - MOVIMIENTO SALVACIÓN NACIONAL,JOSE DARIO MAHECHA CASTILLO
PARTIDO CONSERVADOR - MOVIMIENTO SALVACIÓN NACIONAL,WILDER IVAN SUESCA OCHOA
PARTIDO CONSERVADOR - MOVIMIENTO SALVACIÓN NACIONAL,JOHN ALBERTO MORENO GALINDO
PARTIDO CONSERVADOR - MOVIMIENTO SALVACIÓN NACIONAL,HERNEL DAVID ORTEGA GOMEZ
PARTIDO CONSERVADOR - MOVIMIENTO SALVACIÓN NACIONAL,GLORIA CECILIA PALACIOS GUASTAR
CR-NUEVO LIBERALISMO,OSCAR YOVANY MONTENEGRO SALCEDO
CR-NUEVO LIBERALISMO,FABIAN CAMILO ROJAS BARRERA
CR-NUEVO LIBERALISMO,NADIA ALEXANDRA CARREÑO AVELLA
CR-NUEVO LIBERALISMO,HECTOR JOSUE CAMACHO ACOSTA
CR-NUEVO LIBERALISMO,LAURA CRISTINA MONROY BAYONA
CR-NUEVO LIBERALISMO,VICENTE ANIBAL OJEDA MARTINEZ
PARTIDO CENTRO DEMOCRÁTICO,EDUAR ALEXIS TRIANA RINCON
PARTIDO CENTRO DEMOCRÁTICO,DELCI DEL CARMEN URBANO
PARTIDO CENTRO DEMOCRÁTICO,JICLY ESGARDO MUTIS ISAZA
PARTIDO CENTRO DEMOCRÁTICO,KENDA LUCIA CALDERA GARAVITO
PARTIDO CENTRO DEMOCRÁTICO,FREDY ALEXANDER GARZON ROJAS
PARTIDO CENTRO DEMOCRÁTICO,JHONATAN DAVID HOLGUIN CRUZ
PACTO HISTÓRICO BOYACÁ,JOSE LUIS BOHORQUEZ LOPEZ
PACTO HISTÓRICO BOYACÁ,NINI JOHANNA ANGEL AVILA
PACTO HISTÓRICO BOYACÁ,PEDRO JOSE SUAREZ VACCA
PACTO HISTÓRICO BOYACÁ,VILMA ASTRID CASTELLANOS CORRECHA
PACTO HISTÓRICO BOYACÁ,PEDRO RENE JIMENEZ
PACTO HISTÓRICO BOYACÁ,NUBIA ESPERANZA SUAREZ CASTAÑEDA
PARTIDO DE LA U - PARTIDO MIRA,JAIRO ENRIQUE CASTIBLANCO PARRA
PARTIDO DE LA U - PARTIDO MIRA,HUMPHREY ROA SARMIENTO
PARTIDO DE LA U - PARTIDO MIRA,NANCY YANETH ZAPATA PACHON
PARTIDO DE LA U - PARTIDO MIRA,YURY NEILL DIAZ ARANGUREN
PARTIDO DE LA U - PARTIDO MIRA,MANUEL STEVEN ALVAREZ PULIDO
PARTIDO DE LA U - PARTIDO MIRA,LIBI PUERTO GRANADOS
PARTIDO LIBERAL COLOMBIANO,DIANA PAOLA HERRERA NUÑEZ
PARTIDO LIBERAL COLOMBIANO,HECTOR DAVID CHAPARRO CHAPARRO
PARTIDO LIBERAL COLOMBIANO,CAMILO ANDRES CAICEDO SILVA
PARTIDO LIBERAL COLOMBIANO,OSCAR LEONARDO AVILA ROMERO
PARTIDO LIBERAL COLOMBIANO,NICOLAS FELIPE URBANO VILLAMIL
PARTIDO LIBERAL COLOMBIANO,NUBIA JACQUELINE CARO PEREZ
PARTIDO POLÍTICO DIGNIDAD & COMPROMISO,GRACIELA RAMIREZ MONROY
PARTIDO POLÍTICO DIGNIDAD & COMPROMISO,JOSE DE LOS ANGELES FERNANDEZ PALACIOS
PARTIDO POLÍTICO DIGNIDAD & COMPROMISO,OLGA NIÑO ROJAS
PARTIDO POLÍTICO DIGNIDAD & COMPROMISO,JAVIER ARAQUE ELAICA
PARTIDO POLÍTICO DIGNIDAD & COMPROMISO,LAYONETH GRANDAS VILLAMIL
PARTIDO POLÍTICO DIGNIDAD & COMPROMISO,EDGAR FERNANDO FARFAN CORZO
ALMA - OXÍGENO,EDUARDO DAVID SUAREZ MORENO
ALMA - OXÍGENO,OLGA LUCIA CRUZ CUEVAS
ALMA - OXÍGENO,CAROLINA GEIRINGER ORTEGA
ALMA - OXÍGENO,GIOVANNY ANDRES GOMEZ PALOMINO
ALMA - OXÍGENO,RUMALDO ROJAS RAMIREZ
ALMA - OXÍGENO,RICARDO ANTONIO AGUDELO GUIZA
PARTIDO CENTRO DEMOCRÁTICO,MANUEL ALEXANDER PEREZ RUEDA
PARTIDO CENTRO DEMOCRÁTICO,LEANDRO VARGAS ORTIZ
PARTIDO CENTRO DEMOCRÁTICO,BETTY XIOMARA QUENZA VALDERRAMA
PARTIDO LIBERAL COLOMBIANO,GERMAN ROGELIO ROZO ANIS
PARTIDO LIBERAL COLOMBIANO,JOSE TRINIDAD SIERRA SIERRA
PARTIDO LIBERAL COLOMBIANO,ALEXA MILENA QUIRIFE BOHORQUEZ
MIRA + DIGNIDAD & COMPROMISO + PARTIDO DEMÓCRATA,JUAN FERREIRA VELASQUEZ
MIRA + DIGNIDAD & COMPROMISO + PARTIDO DEMÓCRATA,CLARA INES GODOY MERCHAN
MOVIMIENTO SALVACIÓN NACIONAL,JUAN CARLOS SANTAMARIA MARTINEZ
MOVIMIENTO SALVACIÓN NACIONAL,VILMER ANDRES ESCALANTE CARDENAS
MOVIMIENTO SALVACIÓN NACIONAL,EMILSE MARIA GONZALEZ JIMENEZ
PARTIDO ECOLOGISTA COLOMBIANO,CARLOS ALBERTO CARRASQUEL FLOREZ
PARTIDO ECOLOGISTA COLOMBIANO,ROSA EDULBINA HIDALGO FLOREZ
PARTIDO ECOLOGISTA COLOMBIANO,ANA MARCELA ROJAS PEREZ
CENTRO DEMOCRÁTICO - PARTIDO CONSERVADOR,JESUS ARMANDO BEDOYA RODRIGUEZ
CENTRO DEMOCRÁTICO - PARTIDO CONSERVADOR,JUAN CAMILO CARDENAS LUNA
CENTRO DEMOCRÁTICO - PARTIDO CONSERVADOR,LUZ ADRIANA GOMEZ OCAMPO
PARTIDO CAMBIO RADICAL,JOHN EDGAR PEREZ ROJAS
PARTIDO CAMBIO RADICAL,OSCAR LEONARDO MARIN BARBOSA
PARTIDO CAMBIO RADICAL,YENNY ALEXANDRA TRUJILLO ALZATE
PACTO HISTÓRICO QUINDÍO,MIGUEL ANGEL GRISALES SUAREZ
PACTO HISTÓRICO QUINDÍO,MONICA PAOLA BOLIVAR FORERO
PACTO HISTÓRICO QUINDÍO,CRISTIAN DAVID GIRALDO QUIROZ
AHORA COLOMBIA,FRANCY YULI PEREZ MEDINA
AHORA COLOMBIA,MATEO CARDONA HURTADO
AHORA COLOMBIA,JOVAN ANDRES SANCHEZ LOPEZ
PARTIDO LIBERAL COLOMBIANO,SANDRA BIBIANA ARISTIZABAL SALEG
PARTIDO LIBERAL COLOMBIANO,LUISA FERNANDA LEON BETANCOURTH
PARTIDO LIBERAL COLOMBIANO,DANIEL MAURICIO RESTREPO IZQUIERDO
MOVIMIENTO SALVACIÓN NACIONAL,ANDRES FELIPE DUQUE RESTREPO
MOVIMIENTO SALVACIÓN NACIONAL,MARIA CAMILA GARCIA BIAGI
PACTO FRENTE AMPLIO,MARTHA ROSA BERRIO DURAN
PACTO FRENTE AMPLIO,CRISTIAN CAMILO VASQUEZ PATIÑO
PACTO FRENTE AMPLIO,CARLOS ANDRES GRACIA CADAVID
PARTIDO POLÍTICO OXÍGENO,ALVARO DIAZ RODRIGUEZ
COALICIÓN FUERZA CIUDADANA,SONNY ALBEIRO AREIZA SALDARRIAGA
COALICIÓN FUERZA CIUDADANA,JOSE ALFREDO BERNAL RIVERA
COALICIÓN FUERZA CIUDADANA,LAURA VANESSA RIVERA BAENA
PARTIDO POLÍTICO LA FUERZA,HECTOR FABER GIRALDO CASTAÑO
PARTIDO POLÍTICO LA FUERZA,INGRI ALEJANDRA LONDOÑO MOSQUERA
PARTIDO POLÍTICO LA FUERZA,DUILLYA ALZATE SANCHEZ
PARTIDO CAMBIO RADICAL,WELFRAN JUNIOR MENDOZA TORRES
PARTIDO CAMBIO RADICAL,SAMIR EDUARDO RADI CHEMAS
PARTIDO CAMBIO RADICAL,DORIS MARIA BOLIVAR EBRATT
PARTIDO CAMBIO RADICAL,ANDRES FELIPE CAMARGO GONZALEZ
PARTIDO CAMBIO RADICAL,ESTEFANEL GUTIERREZ PEREZ
PARTIDO CAMBIO RADICAL,DARLIN DE LA CONCEPCION GUERRERO RODRIGUEZ
PARTIDO CAMBIO RADICAL,YOLANDA HERRERA PEÑA
PACTO HISTÓRICO ATLÁNTICO,JAIME ARTURO SANTAMARIA ACOSTA
PACTO HISTÓRICO ATLÁNTICO,ANDREA CAMILA VARGAS DE LA HOZ
PACTO HISTÓRICO ATLÁNTICO,YEINER ANGULO GONZALEZ
PACTO HISTÓRICO ATLÁNTICO,NATALY ALBA ALVAREZ VERGARA
PACTO HISTÓRICO ATLÁNTICO,ELOY GUILLERMO SOTO RIVERO
PACTO HISTÓRICO ATLÁNTICO,CINDY CAROLINA VIDES POLO
PACTO HISTÓRICO ATLÁNTICO,TOMAS MANUEL RAMOS QUIROZ
PARTIDO LIBERAL COLOMBIANO,JEZMI LIZETH BARRAZA ARRAUT
PARTIDO LIBERAL COLOMBIANO,GUSTAVO ADOLFO DE LA ROSA BERDEJO
PARTIDO LIBERAL COLOMBIANO,LAUREANO MESINO SARMIENTO
PARTIDO LIBERAL COLOMBIANO,CESAR ANTONIO BARRERA VERGARA
PARTIDO LIBERAL COLOMBIANO,VERA LUZ PEREZ SOLANO
PARTIDO LIBERAL COLOMBIANO,VALERY PAOLA NAVARRO CANTILLO
PARTIDO LIBERAL COLOMBIANO,JENNIFER PATRIC MOLINA OSPINO
PARTIDO CONSERVADOR COLOMBIANO,JUAN CAMILO FUENTES PUMAREJO
PARTIDO CONSERVADOR COLOMBIANO,MAURO JOSE GARCIA GOMEZ
PARTIDO CONSERVADOR COLOMBIANO,IVAN DEVANNY DIAZ ROJAS
PARTIDO CONSERVADOR COLOMBIANO,DANIEL JOSE DANIES RASCH
PARTIDO CONSERVADOR COLOMBIANO,SHIRLEY DEL CARMEN DE LA HOZ AVILA
PARTIDO CONSERVADOR COLOMBIANO,MILAGRO JOELYS ROMERO GARCIA
PARTIDO CONSERVADOR COLOMBIANO,BETSY LILIANA DIAZ GONZALEZ
PARTIDO DE LA UNIÓN POR LA GENTE - PARTIDO DE LA U,FAIRUZ VIOLET OSPINO VALDIRIS
PARTIDO DE LA UNIÓN POR LA GENTE - PARTIDO DE LA U,LAUREANO AUGUSTO ACUÑA DIAZ
PARTIDO DE LA UNIÓN POR LA GENTE - PARTIDO DE LA U,MAURICIO CASTRO GOMEZ
PARTIDO DE LA UNIÓN POR LA GENTE - PARTIDO DE LA U,OSWALDO RAFAEL SIERRA OCHOA
PARTIDO DE LA UNIÓN POR LA GENTE - PARTIDO DE LA U,KARYNA PATRICIA DE LA HOZ SIADO
PARTIDO DE LA UNIÓN POR LA GENTE - PARTIDO DE LA U,ANA MARGARITA ANDRADE MEJIA
PARTIDO DE LA UNIÓN POR LA GENTE - PARTIDO DE LA U,ESTILH OSCAR RAMOS GUTIERREZ
CENTRO DEMOCRÁTICO- NUEVO LIBERALISMO-MIRA,JUAN CARLOS RESTREPO HOYOS
CENTRO DEMOCRÁTICO- NUEVO LIBERALISMO-MIRA,MARIA DE LOS ANGELES ARDILA HERNANDEZ
CENTRO DEMOCRÁTICO- NUEVO LIBERALISMO-MIRA,CARLOS ALBERTO PEREZ MOLINA
CENTRO DEMOCRÁTICO- NUEVO LIBERALISMO-MIRA,VANESSA DIAZ CEPEDA
CENTRO DEMOCRÁTICO- NUEVO LIBERALISMO-MIRA,FELIPE DE JESUS ZAPATA DONADO
CENTRO DEMOCRÁTICO- NUEVO LIBERALISMO-MIRA,DANIEL SANTOS CARRILLO
CENTRO DEMOCRÁTICO- NUEVO LIBERALISMO-MIRA,ARIFA DEL SOCORRO RINCON RODRIGUEZ
MOVIMIENTO SALVACIÓN NACIONAL,ERWIN JESUS SAMPAYO CASTRO
MOVIMIENTO SALVACIÓN NACIONAL,LEIDY DEL PILAR RAMIREZ FIERRO
ALMA ATLÁNTICO,TANIA MARIA MOLINA FERNANDEZ
ALMA ATLÁNTICO,DORA MARIA MATOREL ROMERO
ALMA ATLÁNTICO,LUIS RICARDO RUEDA GOMEZ
ALMA ATLÁNTICO,CARLOS ARTURO BALANZO PADILLA
ALMA ATLÁNTICO,MARTHA ISABEL QUINTERO DE LA HOZ
ALMA ATLÁNTICO,ANA MILENA QUIROGA CABARCAS
COALICIÓN FUERZA CIUDADANA,GERMAN JOSE GOMEZ LOPEZ
COALICIÓN FUERZA CIUDADANA,YUDY ANILLO SANTIAGO
COALICIÓN FUERZA CIUDADANA,ALVARO MANUEL CORPAS PEDRIQUEZ
COALICIÓN FUERZA CIUDADANA,ARNULFO MANUEL ZAMBRANO MUNIVE
COALICIÓN FUERZA CIUDADANA,LAURA ISABEL JIMENEZ SALAS
COALICIÓN FUERZA CIUDADANA,JANETH MARIA HERNANDEZ DIAZ
COALICIÓN FUERZA CIUDADANA,FERNANDO AUGUSTO ARIAS BEDOYA
PARTIDO POLÍTICO DIGNIDAD & COMPROMISO,NORMAN JAVIER ALARCON RODAS
PARTIDO POLÍTICO DIGNIDAD & COMPROMISO,ELVIA DEL CARMEN ROSAS ESTRADA
PARTIDO POLÍTICO DIGNIDAD & COMPROMISO,ASTRID EDICTA PERALTA MOLINA
PARTIDO POLÍTICO DIGNIDAD & COMPROMISO,IVAN EDUARDO INSIGNARES ARANGO
PARTIDO POLÍTICO DIGNIDAD & COMPROMISO,ALBERTO JOSE SANCHEZ OTERO
FRENTE AMPLIO UNITARIO,ANTONY LOZANO NIETO
FRENTE AMPLIO UNITARIO,JOSE MIGUEL VALDELAMAR BLANCO
FRENTE AMPLIO UNITARIO,DIANA LEONOR RAMOS
FRENTE AMPLIO UNITARIO,MARIA FERNANDA RODELO ZARCO
FRENTE AMPLIO UNITARIO,CRISTIAN RAFAEL SAAVEDRA CHAMORRO
"PARTIDO ALIANZA SOCIAL INDEPENDIENTE ""ASI""",MARIA DOLORES BOLIVAR MAURY
"PARTIDO ALIANZA SOCIAL INDEPENDIENTE ""ASI""",CONSUELO DE LOS DOLORES RESTREPO VIZCAINO
"PARTIDO ALIANZA SOCIAL INDEPENDIENTE ""ASI""",JOSE RAFAEL GUTIERREZ ORELLANO
"PARTIDO ALIANZA SOCIAL INDEPENDIENTE ""ASI""",JERSON KEINER FERNANDEZ SALGADO
PARTIDO POLÍTICO OXÍGENO,DANIEL PEREZ PIMIENTA
PARTIDO POLÍTICO OXÍGENO,CARLOS JUAN MAZA MARTELO
PARTIDO POLÍTICO OXÍGENO,GUSTAVO ALONSO PUERTA BENITEZ
PARTIDO POLÍTICO OXÍGENO,MILENA MARGARITA VARGAS FLOREZ
PARTIDO POLÍTICO OXÍGENO,YANETH MARIA JIMENEZ SOLANO
PR1MERO CÓRDOBA,JUAN DAVID RANGEL YANEZ
PR1MERO CÓRDOBA,HEIDY JOHANNA TORRES BECERRA
PR1MERO CÓRDOBA,MARTHA ISABEL RUIZ SOLERA
PR1MERO CÓRDOBA,OLGA MARIA LOPEZ MORALES
PR1MERO CÓRDOBA,SANDRA MILENA ANGULO CALDERON
PARTIDO CAMBIO RADICAL,JOSE LUIS ABDALLA OLIVERA
PARTIDO CAMBIO RADICAL,JUAN JOSE DURANGO HERNANDEZ
PARTIDO CAMBIO RADICAL,LUCIA PATRICIA TOUS DE LA OSSA
PARTIDO CAMBIO RADICAL,LAURA CAMILA MADRIGAL PRIMERA
PARTIDO CAMBIO RADICAL,JUAN GABRIEL GARCIA ORTEGA
PACTO HISTÓRICO CÓRDOBA,LUIS FERNANDO BALLESTEROS MEZA
PACTO HISTÓRICO CÓRDOBA,CLAUDIA LEONOR JIMENEZ MARTINEZ
PACTO HISTÓRICO CÓRDOBA,MIGUEL LEONARDO MARTIN PEÑA
PACTO HISTÓRICO CÓRDOBA,MARIA CLEMENCIA GARCIA SANCLEMENTE
PACTO HISTÓRICO CÓRDOBA,EZIO FERNANDO MONTES HOYOS
PARTIDO CONSERVADOR COLOMBIANO,NICOLAS ANTONIO BARGUIL CUBILLOS
PARTIDO CONSERVADOR COLOMBIANO,TILSON DE JESUS PATERNINA SAEZ
PARTIDO CONSERVADOR COLOMBIANO,SAMUEL ARMANDO HERRERA LOPEZ
PARTIDO CONSERVADOR COLOMBIANO,LADYS ESTELA NOBLE TORDECILLA
PARTIDO CONSERVADOR COLOMBIANO,MARIA JOSE MENDEZ OLEA
PARTIDO CENTRO DEMOCRÁTICO,FRAY LUIS MARTINEZ PATERNINA
PARTIDO CENTRO DEMOCRÁTICO,MICHELL ANDERSON MORALES ALMARIO
PARTIDO CENTRO DEMOCRÁTICO,SIRLEY TATIANA GOMEZ BUILES
ALMA,WILLIAM ALFONSO MARQUEZ LOPEZ
ALMA,PEDRO PABLO NIEVES PAREDES
ALMA,MARICELA GALVAN VASQUEZ
ALMA,CIRO RAFAEL SOLORZANO LOBO
ALMA,MILADIS MARIA BENITEZ CASTILLO
MOVIMIENTO SALVACIÓN NACIONAL,SARA INES CADENA QUINTERO
MOVIMIENTO SALVACIÓN NACIONAL,ALFREDO ENRIQUE BADILLO GUILLEN
MOVIMIENTO SALVACIÓN NACIONAL,CRISTOPHER SOLIS CONTRERAS RODRIGUEZ
COALICIÓN ALIANZA CÓRDOBA,DAMARIS MARIA RAMOS CORDERO
COALICIÓN ALIANZA CÓRDOBA,LINA MARCELA ESPITIA TORREGLOSA
PARTIDO DE LA UNIÓN POR LA GENTE - PARTIDO DE LA U,JHONN ALEXANDER MOLINA BETANCUR
PARTIDO DE LA UNIÓN POR LA GENTE - PARTIDO DE LA U,BEATRIZ CASTAÑO FAJARDO
PARTIDO DE LA UNIÓN POR LA GENTE - PARTIDO DE LA U,CRISTIAN PARRA CABRIA
PARTIDO CAMBIO RADICAL,NORELA RODRIGUEZ SANDOVAL
PARTIDO CAMBIO RADICAL,CARLOS ALBERTO CUENCA CHAUX
PARTIDO CAMBIO RADICAL,JORGE ALBERTO GAMEZ AGUILAR
PARTIDO LIBERAL COLOMBIANO,DIEGO ALEXANDER RODRIGUEZ SANCHEZ
PARTIDO LIBERAL COLOMBIANO,ADRIANA SELENA VARGAS GAITAN
PARTIDO LIBERAL COLOMBIANO,TOCAYO CARRIZOSA FALLA
PARTIDO POLÍTICO LA FUERZA,WAGNER ELIAN MARIN ROJAS
PARTIDO POLÍTICO LA FUERZA,ANGELICA ALBES LOPEZ
PARTIDO POLÍTICO LA FUERZA,LUIS ANTONIO RODRIGUEZ LOPEZ
PACTO HISTÓRICO GUAINIA,HEYNER RULLERY BAUTISTA LOPEZ
PACTO HISTÓRICO GUAINIA,DORIS NATALIA URIBE URRUTIA
PARTIDO CENTRO DEMOCRÁTICO,JUAN MANUEL BALLADARES ARIAS
PARTIDO CENTRO DEMOCRÁTICO,YENY MELO GAITAN
AHORA COLOMBIA,YAKELINE SOLORZANO GONZALEZ
MOVIMIENTO POLÍTICO PACTO HISTÓRICO,MARIA FERNANDA CARRASCAL ROJAS
MOVIMIENTO POLÍTICO PACTO HISTÓRICO,LAURA DANIELA BELTRAN PALOMARES
MOVIMIENTO POLÍTICO PACTO HISTÓRICO,MARIA DEL MAR PIZARRO GARCIA
MOVIMIENTO POLÍTICO PACTO HISTÓRICO,DANIEL MAURICIO MONROY HERNANDEZ
MOVIMIENTO POLÍTICO PACTO HISTÓRICO,HERACLITO LANDINEZ SUAREZ
MOVIMIENTO POLÍTICO PACTO HISTÓRICO,CLAUDIA TERESA ROMERO NADER
MOVIMIENTO POLÍTICO PACTO HISTÓRICO,JAIRO LEON VARGAS
MOVIMIENTO POLÍTICO PACTO HISTÓRICO,GABRIEL BECERRA YAÑEZ
MOVIMIENTO POLÍTICO PACTO HISTÓRICO,ANDRES CAMILO RODRIGUEZ CASTILLO
MOVIMIENTO POLÍTICO PACTO HISTÓRICO,SANDRA MIREYA NOSSA QUIROGA
MOVIMIENTO POLÍTICO PACTO HISTÓRICO,JHON ALVARO FORERO HERRERA
MOVIMIENTO POLÍTICO PACTO HISTÓRICO,MARIA ANGELICA PRADA URIBE
MOVIMIENTO POLÍTICO PACTO HISTÓRICO,SEGUNDO CELIO NIEVES HERRERA
MOVIMIENTO POLÍTICO PACTO HISTÓRICO,MARIA ALEJANDRA ROJAS ORDOÑEZ
MOVIMIENTO POLÍTICO PACTO HISTÓRICO,MIGUEL ANGEL BARRIGA TALERO
MOVIMIENTO POLÍTICO PACTO HISTÓRICO,JUAN DE JESUS HERNANDEZ
MOVIMIENTO POLÍTICO PACTO HISTÓRICO,GUAYRA PUKA ARIAS FLORIAN
PARTIDO CENTRO DEMOCRÁTICO,DANIEL FELIPE BRICEÑO MONTES
PARTIDO CENTRO DEMOCRÁTICO,JOSE JAIME USCATEGUI PASTRANA
PARTIDO CENTRO DEMOCRÁTICO,NELLY PATRICIA MOSQUERA MURCIA
PARTIDO CENTRO DEMOCRÁTICO,DAVID GERARDO COTE RODRIGUEZ
PARTIDO CENTRO DEMOCRÁTICO,LUZ MARINA GORDILLO SALINAS
PARTIDO CENTRO DEMOCRÁTICO,JOSIAS FIESCO AGUDELO
PARTIDO CENTRO DEMOCRÁTICO,JESUS SALIM LORDUY MARTINEZ
PARTIDO CENTRO DEMOCRÁTICO,ANDERSON ALBEY ACOSTA TORRES
PARTIDO CENTRO DEMOCRÁTICO,SOFIA ARAUJO MEJIA
PARTIDO CENTRO DEMOCRÁTICO,HASSAN AMIN ABDUL NASSAR PEREZ
PARTIDO CENTRO DEMOCRÁTICO,GUSTAVO ALONSO NIÑO FURNIELES
PARTIDO CENTRO DEMOCRÁTICO,JUANITA SANIN HERNANDEZ
PARTIDO CENTRO DEMOCRÁTICO,CLAUDIA MARCELA GARCIA CIFUENTES
PARTIDO CENTRO DEMOCRÁTICO,GREGORIO GERMAN MARULANDA MARTINEZ
PARTIDO CENTRO DEMOCRÁTICO,ALVARO ALFONSO ALVAREZ ISAZA
PARTIDO CENTRO DEMOCRÁTICO,JORGE LUIS RODRIGUEZ CORTES
PARTIDO CENTRO DEMOCRÁTICO,ANGIE LORENA ESPINEL BARRERA
PARTIDO CENTRO DEMOCRÁTICO,FREDDY RODRIGO BUSTOS RODRIGUEZ
PARTIDO ALIANZA VERDE,CATHERINE JUVINAO CLAVIJO
PARTIDO ALIANZA VERDE,MAURICIO ANDRES TORO ORJUELA
PARTIDO ALIANZA VERDE,ANGELO GIOVANNY GRAVIER SANTANA
PARTIDO ALIANZA VERDE,ANDRES GUILLERMO PRECIADO PEDROZA
PARTIDO ALIANZA VERDE,FABIAN MAURICIO PEÑA CEDANO
PARTIDO ALIANZA VERDE,NATALIA PAOLA GOYENECHE VELANDIA
PARTIDO ALIANZA VERDE,JAVIER ORLANDO SUAREZ ALONSO
PARTIDO ALIANZA VERDE,DIEGO ANDRES GUERRERO SUPELANO
PARTIDO ALIANZA VERDE,EDNA YOHANNA BARRIOS GOMEZ
PARTIDO ALIANZA VERDE,CARLOS VLADIMIR RODRIGUEZ VALENCIA
PARTIDO ALIANZA VERDE,JUAN CARLOS TRIANA RUBIANO
PARTIDO ALIANZA VERDE,JOSEPH SWITER PLAZA PINILLA
PARTIDO ALIANZA VERDE,ESTEBAN ALEXANDER SALAZAR GIRALDO
PARTIDO ALIANZA VERDE,ELKIN ALFONSO CALVO MUNERA
PARTIDO ALIANZA VERDE,ALEX FERNANDO SIERRA FRANCO
PARTIDO ALIANZA VERDE,DIANA ANZOLA ANZOLA
PARTIDO ALIANZA VERDE,BLANCA INES RODRIGUEZ GRANADOS
PARTIDO ALIANZA VERDE,DORIS JOSEFINA ORJUELA PEÑA
MOVIMIENTO SALVACIÓN NACIONAL,CAROL STEFANNY BORDA ACEVEDO
MOVIMIENTO SALVACIÓN NACIONAL,JONATHAN STEVEN SILVA MOCETON
MOVIMIENTO SALVACIÓN NACIONAL,JAIRO ENRIQUE LADINO SANTAMARIA
MOVIMIENTO SALVACIÓN NACIONAL,RICHARD SOTO GELVES
MOVIMIENTO SALVACIÓN NACIONAL,HOSMAN YAITH MARTINEZ MORENO
MOVIMIENTO SALVACIÓN NACIONAL,JULIAN ESTEBAN CLAVIJO TORRES
MOVIMIENTO SALVACIÓN NACIONAL,NATALY ORTIZ SANABRIA
MOVIMIENTO SALVACIÓN NACIONAL,ALEJANDRO ENRIQUE ANGEL CORDOBA
MOVIMIENTO SALVACIÓN NACIONAL,JOSE ESTEBAN PACHECO OVIEDO
MOVIMIENTO SALVACIÓN NACIONAL,EFRAIN JAVIER SARMIENTO VILLAR
MOVIMIENTO SALVACIÓN NACIONAL,JIMMY ALBERTO RUIZ BELTRAN
MOVIMIENTO SALVACIÓN NACIONAL,ANDRES GERARDO VILLOTA GOMEZ
MOVIMIENTO SALVACIÓN NACIONAL,DEIDAD SAMAI CAMACHO URIBE
MOVIMIENTO SALVACIÓN NACIONAL,JORGE ORLANDO RUBIANO CARRANZA
MOVIMIENTO SALVACIÓN NACIONAL,KATERIN JULIETH ROMERO ARENAS
MOVIMIENTO SALVACIÓN NACIONAL,ALINA ESTEFANI ROCHA AVILES
MOVIMIENTO SALVACIÓN NACIONAL,JHON JAIRO JIMENEZ GARCIA
MOVIMIENTO SALVACIÓN NACIONAL,LUZ MERY CASAS LOPEZ
PARTIDO LIBERAL COLOMBIANO,BLEIDY DEL CARMEN PEREZ BALLESTAS
PARTIDO LIBERAL COLOMBIANO,HERCILIA LEONOR ESPINOSA DE LA OSSA
PARTIDO LIBERAL COLOMBIANO,PEDRO DAVID RUIZ LOPEZ
PARTIDO LIBERAL COLOMBIANO,CRISTIAN FABIAN JIMENEZ MARTINEZ
PARTIDO LIBERAL COLOMBIANO,JUAN FELIPE GRILLO CARRASCO
PARTIDO LIBERAL COLOMBIANO,JOSE BYRON LOAIZA MOLINA
PARTIDO LIBERAL COLOMBIANO,VICTOR ALFONSO MORALES SALCEDO
PARTIDO LIBERAL COLOMBIANO,MARIA CRISTINA CLAVIJO CANO
PARTIDO LIBERAL COLOMBIANO,JUAN CARLOS QUINONES PINZON
PARTIDO LIBERAL COLOMBIANO,MENFIS KARENA MOLANO ALVAREZ
PARTIDO LIBERAL COLOMBIANO,ANDRES PINILLA ROMERO
PARTIDO LIBERAL COLOMBIANO,JUAN PABLO CASTILLO CASTILLO
PARTIDO LIBERAL COLOMBIANO,LUIS FERNANDO ULLOA CASTRILLON
PARTIDO LIBERAL COLOMBIANO,CARLOS HERNANDO RUIZ ALDANA
PARTIDO LIBERAL COLOMBIANO,JUAN CARLOS CARDENAS CHACON
PARTIDO LIBERAL COLOMBIANO,SARA ELIANA NANESHKA RUIZ MORENO
PARTIDO LIBERAL COLOMBIANO,ANDERSON JOAQUIN SANCHEZ RUIZ
PARTIDO LIBERAL COLOMBIANO,ASTRID CAROLINA CAICEDO MARTINEZ
MIRA + DIGNIDAD Y COMPROMISO,IRMA LUZ HERRERA RODRIGUEZ
MIRA + DIGNIDAD Y COMPROMISO,CLAUDIA LILIANA SUAREZ PINTO
MIRA + DIGNIDAD Y COMPROMISO,CAMILO ALBERTO ENCISO VANEGAS
MIRA + DIGNIDAD Y COMPROMISO,ANDRES FELIPE SALCEDO PINZON
MIRA + DIGNIDAD Y COMPROMISO,SANDRA MILENA JIMENEZ MENDEZ
MIRA + DIGNIDAD Y COMPROMISO,BRAYAN SEBASTIAN AVILA MUNAR
MIRA + DIGNIDAD Y COMPROMISO,LUIS ORLANDO LENIS ARIZA
MIRA + DIGNIDAD Y COMPROMISO,JUAN PABLO ESTUPIÑAN MORA
MIRA + DIGNIDAD Y COMPROMISO,DAGOBERTO ROJAS BUITRAGO
MIRA + DIGNIDAD Y COMPROMISO,LUZ ANGELA RINCON SANCHEZ
MIRA + DIGNIDAD Y COMPROMISO,DAVID ANDRES SILVA PRADA
MIRA + DIGNIDAD Y COMPROMISO,LUCY MOLANO RODRIGUEZ
MIRA + DIGNIDAD Y COMPROMISO,DANIEL MARTINEZ OSORIO
MIRA + DIGNIDAD Y COMPROMISO,ENRIQUE BELTRAN PARDO
MIRA + DIGNIDAD Y COMPROMISO,GONZALO GUZMAN NARANJO
MIRA + DIGNIDAD Y COMPROMISO,PEDRO ALEJANDRO BASTOS RODRIGUEZ
MIRA + DIGNIDAD Y COMPROMISO,WILLIAM ANDRES SANABRIA ALVAREZ
MIRA + DIGNIDAD Y COMPROMISO,MARIA DEL PILAR GARCIA GUTIERREZ
PARTIDO NUEVO LIBERALISMO,JOSE DAVID CASTELLANOS ORJUELA
PARTIDO NUEVO LIBERALISMO,JUAN PABLO CAMACHO LOPEZ
PARTIDO NUEVO LIBERALISMO,JUAN DAVID ARISTIZABAL OSPINA
PARTIDO NUEVO LIBERALISMO,JULIA MIRANDA LONDOÑO
PARTIDO NUEVO LIBERALISMO,GERMAN RICAURTE CAMARGO
PARTIDO NUEVO LIBERALISMO,LUIS ALEXANDER PEÑA CADENA
PARTIDO NUEVO LIBERALISMO,JULIETH PAOLA RINCON GARZON
PARTIDO NUEVO LIBERALISMO,NASLY YUCELY QUINTERO PERDOMO
PARTIDO NUEVO LIBERALISMO,JOSE NEFTALI ACUÑA BAYONA
PARTIDO NUEVO LIBERALISMO,GONZALO VALBUENA OÑATE
PARTIDO NUEVO LIBERALISMO,YEIMY CAROLINA AGUDELO HERNANDEZ
PARTIDO NUEVO LIBERALISMO,PEDRO NEL OSPINA SANTAMARIA
PARTIDO NUEVO LIBERALISMO,KEVINN HELBERTH BERNAL HERRERA
PARTIDO NUEVO LIBERALISMO,TATIANA JARAMILLO CUBILLOS
PARTIDO NUEVO LIBERALISMO,CLARITA MERCEDES CHAVES QUINTERO
PARTIDO NUEVO LIBERALISMO,JUAN JOSE RAMIREZ CIFUENTES
PARTIDO NUEVO LIBERALISMO,JULIA MARLEN BARRANTES COBOS
PARTIDO NUEVO LIBERALISMO,EVERT RENGIFO HERNANDEZ
BOGOTÁ ENTRE TODOS,ADRIANA CAROLINA ARBELAEZ GIRALDO
BOGOTÁ ENTRE TODOS,RICARDO ARIAS MACIAS
BOGOTÁ ENTRE TODOS,YASIR ENRIQUE ANAYA VILLAMIL
BOGOTÁ ENTRE TODOS,MELITON ANDRES SANCHEZ VILLAMIL
BOGOTÁ ENTRE TODOS,RODOLFO CARO POVEDA
BOGOTÁ ENTRE TODOS,DIEGO ALFONSO CARO PORRAS
BOGOTÁ ENTRE TODOS,MARIA ALEJANDRA PAEZ PORRAS
BOGOTÁ ENTRE TODOS,ANGELICA GIOVANNA NARVAEZ GARCIA
BOGOTÁ ENTRE TODOS,MARIA EUGENIA ACOSTA PALMERA
BOGOTÁ ENTRE TODOS,CAMILA MORENO PULIDO
BOGOTÁ ENTRE TODOS,GERARDO ENRIQUE SANCHEZ LAGUNA
BOGOTÁ ENTRE TODOS,JUAN CARLOS CARVAJAL CALDERON
BOGOTÁ ENTRE TODOS,CARLOS ANDRES TELLEZ CARANTON
BOGOTÁ ENTRE TODOS,MARIA PAULA JIMENEZ GOMEZ
BOGOTÁ ENTRE TODOS,MIGUEL ANGEL OLARTE CAMPOS
BOGOTÁ ENTRE TODOS,MARTA XIMENA OCHOA SANCHEZ
BOGOTÁ ENTRE TODOS,WALTER ANTONIO GRANADOS MONSALVE
BOGOTÁ ENTRE TODOS,CLAUDIA PASTORA SANDOVAL JAIMES
PARTIDO CONSERVADOR COLOMBIANO,IVAN GUTIERREZ RODRIGUEZ
PARTIDO CONSERVADOR COLOMBIANO,DAVID JOSE VALENCIA CAMPO
PARTIDO CONSERVADOR COLOMBIANO,NELSON ENRIQUE CUBIDES SALAZAR
PARTIDO CONSERVADOR COLOMBIANO,RAFAEL ALBERTO ESCRUCERIA LORZA
PARTIDO CONSERVADOR COLOMBIANO,MARCO FIDEL RAMIREZ ANTONIO
PARTIDO CONSERVADOR COLOMBIANO,ROGER JOSE CARRILLO CAMPO
PARTIDO CONSERVADOR COLOMBIANO,CARLOS JAVIER SOLER PARRA
PARTIDO CONSERVADOR COLOMBIANO,JUAN SEBASTIAN JIMENEZ MARTINEZ
PARTIDO CONSERVADOR COLOMBIANO,JORGE ENRIQUE CASTILLO LATORRE
PARTIDO CONSERVADOR COLOMBIANO,CARLOS ALIRIO BALLEN PAVA
PARTIDO CONSERVADOR COLOMBIANO,ANDREAS MARIANO ALTHOFF OSPINA
PARTIDO CONSERVADOR COLOMBIANO,MARTHA LUCIA TRIBIN CARDENAS
PARTIDO CONSERVADOR COLOMBIANO,CAROLINA GONZALEZ GUTIERREZ
PARTIDO CONSERVADOR COLOMBIANO,ERIKA VANESSA SALAMANCA TRUJILLO
PARTIDO CONSERVADOR COLOMBIANO,MONICA LILIANA SANDOVAL JIMENEZ
PARTIDO CONSERVADOR COLOMBIANO,LUCIA GRANADOS AVILA
PARTIDO CONSERVADOR COLOMBIANO,WILMER ALBERTO SANCHEZ ROJAS
PARTIDO CONSERVADOR COLOMBIANO,YAMILE GAONA AMADO
LA LISTA DE OVIEDO - CON TODA POR BOGOTÁ,PAULA ALEJANDRA MORENO VILLALOBOS
LA LISTA DE OVIEDO - CON TODA POR BOGOTÁ,ANTONIO PERRY SAENZ
LA LISTA DE OVIEDO - CON TODA POR BOGOTÁ,CARLOS EDUARDO FORERO PALOMINO
MOTOCICLISTAS Y CONDUCTORES UNIDOS POR LA CAUSA,DIANA JAZMIN CRISTIANO CRISTIANO
MOTOCICLISTAS Y CONDUCTORES UNIDOS POR LA CAUSA,JORGE ANDRES MORELO MARTINEZ
MOTOCICLISTAS Y CONDUCTORES UNIDOS POR LA CAUSA,DAVID ENRIQUE NOVOA BERNAL
MOTOCICLISTAS Y CONDUCTORES UNIDOS POR LA CAUSA,ORLANDO DE JESUS PARRA ZUÑIGA
MOTOCICLISTAS Y CONDUCTORES UNIDOS POR LA CAUSA,ALAIN RODRIGUEZ MARTINEZ
MOTOCICLISTAS Y CONDUCTORES UNIDOS POR LA CAUSA,GUSTAVO GIOVANNY BARRERA SANCHEZ
MOTOCICLISTAS Y CONDUCTORES UNIDOS POR LA CAUSA,SOLANY GARZON MENDOZA
MOTOCICLISTAS Y CONDUCTORES UNIDOS POR LA CAUSA,CARLOS EUSTAQUIO CAÑON GUTIERREZ
MOTOCICLISTAS Y CONDUCTORES UNIDOS POR LA CAUSA,JUAN CARLOS HERRERA CASTILLO
MOTOCICLISTAS Y CONDUCTORES UNIDOS POR LA CAUSA,JOHANNA NATALI PEREZ LOPEZ
MOTOCICLISTAS Y CONDUCTORES UNIDOS POR LA CAUSA,JULIETH NATALIA ONOFRE NUÑEZ
CIUDADANOS RENOVEMOS,NICOLAS DE FRANCISCO GIRALDO
CIUDADANOS RENOVEMOS,ANDRES FELIPE VASQUEZ MEJIA
CIUDADANOS RENOVEMOS,CRISTIAN LEONARDO GOMEZ LOTERO
CIUDADANOS RENOVEMOS,EDWIN ANDRES HERNANDEZ MARTINEZ
CIUDADANOS RENOVEMOS,ALEJANDRO CARVAJAL APONTE
CIUDADANOS RENOVEMOS,SOL ANGIE SUAREZ JARAMILLO
CIUDADANOS RENOVEMOS,ALEJANDRO JARAMILLO FONSECA
CIUDADANOS RENOVEMOS,WILMER ANDRES SUAREZ SANCHEZ
CIUDADANOS RENOVEMOS,JUAN CARLOS RODRIGUEZ ESCOBAR
CIUDADANOS RENOVEMOS,JORGE EDUARDO RUGE GOMEZ
CIUDADANOS RENOVEMOS,MARYORY OLAYA LANDAZURI
CIUDADANOS RENOVEMOS,LUIGI EDISON PARRA FORERO
CIUDADANOS RENOVEMOS,SARA XIMENA ESCOBAR CARRILLO
CIUDADANOS RENOVEMOS,ELIZABETH PARRA MARTINEZ
CIUDADANOS RENOVEMOS,MARTHA ROCIO BOJACA MORENO
CIUDADANOS RENOVEMOS,MARIA ALEJANDRA ANGARITA LOPEZ
CIUDADANOS RENOVEMOS,CARLOS JOSE PEREZ NIETO
CIUDADANOS RENOVEMOS,MARIA ALEJANDRA BOLIVAR MESA
NUESTRA FUERZA,LIBARDO ASPRILLA LARA
NUESTRA FUERZA,WILLIAM ALEJANDRO RIVERA CAMERO
NUESTRA FUERZA,LUIS FRANCISCO CASTAÑEDA RAVELO
NUESTRA FUERZA,JAIRO ENRIQUE CALDERON CARRERO
NUESTRA FUERZA,GINA PAOLA DIAZ LEMUS
NUESTRA FUERZA,YENNY ALEXANDRA ROMERO CASTAÑEDA
NUESTRA FUERZA,ARTHUR ALEJANDRO OSMA CARO
NUESTRA FUERZA,JULIAN DAVID CHACON MENDEZ
NUESTRA FUERZA,ANA DAYANA CORDOBA PALACIOS
NUESTRA FUERZA,KARINA RINCON GONZALEZ
NUESTRA FUERZA,MABEL ANDREA SUA TOLEDO
NUESTRA FUERZA,JUAN PABLO REALPE ARIZA
NUESTRA FUERZA,MARIA ANDREINA PAEZ COGOLLO
NUESTRA FUERZA,RUTH CRUZ VILLARRAGA
NUESTRA FUERZA,WISTON FERNEY IDROBO MOLINA
NUESTRA FUERZA,MANUEL JOSE CHITIVA MEDELLIN
NUESTRA FUERZA,JHON FREDY CORREA BUITRAGO
NUESTRA FUERZA,JOSEFINA DEL CARMEN VILLAMIL QUIROZ
ABC ALIANZA BOGOTÁ CONVERGENTE,JUANA AFANADOR MEJIA
ABC ALIANZA BOGOTÁ CONVERGENTE,CARLOS ALBERTO CARREÑO MARIN
ABC ALIANZA BOGOTÁ CONVERGENTE,WILLIAM HERNAN MORALES
ABC ALIANZA BOGOTÁ CONVERGENTE,DUVAN HERNAN LOPEZ MENESES
ABC ALIANZA BOGOTÁ CONVERGENTE,CARLOS MAURICIO GUTIERREZ LUNA
ABC ALIANZA BOGOTÁ CONVERGENTE,RICARDO ALBERTO SANCHEZ FERNANDEZ
ABC ALIANZA BOGOTÁ CONVERGENTE,ANGIE VANESSA MARTINEZ DAMIAN
ABC ALIANZA BOGOTÁ CONVERGENTE,JENNY ALEJANDRA BELTRAN MONTEALEGRE
ABC ALIANZA BOGOTÁ CONVERGENTE,JOSE LUIS LONDOÑO GOMEZ
ABC ALIANZA BOGOTÁ CONVERGENTE,NIXON AFRANIO GUTIERREZ GAONA
ABC ALIANZA BOGOTÁ CONVERGENTE,HECTOR ABRAHAM GOMEZ RODRIGUEZ
ABC ALIANZA BOGOTÁ CONVERGENTE,KARIN ABBULL FERREIRA BUCHELI
ABC ALIANZA BOGOTÁ CONVERGENTE,SUE DUARTE OVIEDO
ABC ALIANZA BOGOTÁ CONVERGENTE,LEIDY MILENA BRICEÑO PINTO
ABC ALIANZA BOGOTÁ CONVERGENTE,MARTHA SANCHEZ MATEUS
ABC ALIANZA BOGOTÁ CONVERGENTE,ALAIN MAURICIO BAYONA CORREA
ABC ALIANZA BOGOTÁ CONVERGENTE,JOSE ISAAC VALENCIA MORENO
"MOVIMIENTO AUTORIDADES INDÍGENAS DE COLOMBIA ""AICO""",JOSE LUIS CRUZ LEGUIZAMO
"MOVIMIENTO AUTORIDADES INDÍGENAS DE COLOMBIA ""AICO""",JOSE OCTAVIO CASTRO VASQUEZ
"MOVIMIENTO AUTORIDADES INDÍGENAS DE COLOMBIA ""AICO""",FABIO ALBERTO SERRANO GONZALEZ
"MOVIMIENTO AUTORIDADES INDÍGENAS DE COLOMBIA ""AICO""",WILLIAM ALEXANDER GUTIERREZ GONZALEZ
"MOVIMIENTO AUTORIDADES INDÍGENAS DE COLOMBIA ""AICO""",MARTHA CECILIA MARTINEZ BUENDIA
"MOVIMIENTO AUTORIDADES INDÍGENAS DE COLOMBIA ""AICO""",CESAR AUGUSTO BRAVO MOLINA
"MOVIMIENTO AUTORIDADES INDÍGENAS DE COLOMBIA ""AICO""",RICARDO HUERTAS CARDENAS
"MOVIMIENTO AUTORIDADES INDÍGENAS DE COLOMBIA ""AICO""",JOHN ALEXANDER ALFONSO CHIPATECUA
"MOVIMIENTO AUTORIDADES INDÍGENAS DE COLOMBIA ""AICO""",JOSE FERNANDO VARGAS
"MOVIMIENTO AUTORIDADES INDÍGENAS DE COLOMBIA ""AICO""",JENNY ALEXANDRA CHANTRE LONDOÑO
"MOVIMIENTO AUTORIDADES INDÍGENAS DE COLOMBIA ""AICO""",NIDIA MARGOT RUIZ
"MOVIMIENTO AUTORIDADES INDÍGENAS DE COLOMBIA ""AICO""",RUBIELA BLANCO CORTES
"MOVIMIENTO AUTORIDADES INDÍGENAS DE COLOMBIA ""AICO""",JAIME GUILLERMO HOYOS CELY
"MOVIMIENTO AUTORIDADES INDÍGENAS DE COLOMBIA ""AICO""",ANGELA RITA RIOS OTERO
"MOVIMIENTO AUTORIDADES INDÍGENAS DE COLOMBIA ""AICO""",ISMAEL LEON MARTINEZ
"MOVIMIENTO AUTORIDADES INDÍGENAS DE COLOMBIA ""AICO""",JOSE BENITO RAYO LEYTON
"MOVIMIENTO AUTORIDADES INDÍGENAS DE COLOMBIA ""AICO""",MARIA LUZ HELENA CARVAJAL GIRALDO
"MOVIMIENTO AUTORIDADES INDÍGENAS DE COLOMBIA ""AICO""",SOLEDAD GONZALEZ STYLES
PARTIDO POLÍTICO LA FUERZA,ALEJANDRO DE LA OSSA LACAYO
PARTIDO POLÍTICO LA FUERZA,CRISTIAN ALBERTO ARIAS RIVERO
PARTIDO POLÍTICO LA FUERZA,ROCIO DEL CARMEN MARTINEZ SANTAMARIA
PARTIDO LIBERAL COLOMBIANO,PEDRO ANTONIO PATERNINA GULFO
PARTIDO LIBERAL COLOMBIANO,AVIERA MARIA CURE GARCIA
PARTIDO LIBERAL COLOMBIANO,ALBERTO MARIO ESPINOSA PARRA
PARTIDO DE LA UNIÓN POR LA GENTE - PARTIDO DE LA U,MILENE JARAVA DIAZ
PARTIDO DE LA UNIÓN POR LA GENTE - PARTIDO DE LA U,CARLOS SIMON DIAZ ACOSTA
PARTIDO DE LA UNIÓN POR LA GENTE - PARTIDO DE LA U,CARLOS ANGEL FAJARDO CARDOZO
PACTO HISTÓRICO SUCRE UNITARIOS,RODRIGO ALFONSO RAMIREZ SALAZAR
PACTO HISTÓRICO SUCRE UNITARIOS,NICOLAS DANIEL GUERRERO MONTAÑO
PACTO HISTÓRICO SUCRE UNITARIOS,LINA CARDEE CALDERON SANCHEZ
MIRA + DIGNIDAD Y COMPROMISO,ALEXANDER LUIS PEÑA CORONADO
MIRA + DIGNIDAD Y COMPROMISO,DELCY ESTHER ZUÑIGA NARVAEZ
MIRA + DIGNIDAD Y COMPROMISO,OSNAIDER ENRIQUE CARDENAS BARRIOS
PARTIDO POLÍTICO OXÍGENO,ROBERT GALVIS VARGAS
PARTIDO DE LA UNIÓN POR LA GENTE - PARTIDO DE LA U,CAMILO ESTEBAN AVILA MORALES
PARTIDO DE LA UNIÓN POR LA GENTE - PARTIDO DE LA U,LILIANA HERNANDEZ MELO
PARTIDO DE LA UNIÓN POR LA GENTE - PARTIDO DE LA U,ELIECER PEREZ GALVIZ
"PARTIDO ALIANZA SOCIAL INDEPENDIENTE ""ASI""",OSCAR FABIAN ESPINOSA TORRES
"PARTIDO ALIANZA SOCIAL INDEPENDIENTE ""ASI""",DANIEL ORDOÑEZ CALDERON
"PARTIDO ALIANZA SOCIAL INDEPENDIENTE ""ASI""",MONICA AURORA QUEVEDO GOMEZ
PARTIDO NUEVO LIBERALISMO,DIANA PAOLA LOZANO MORENO
PARTIDO NUEVO LIBERALISMO,JESUS MARIA SANTACRUZ LOPEZ
PARTIDO NUEVO LIBERALISMO,ANGEL SIMON CRUZ HERRERA
PACTO HISTÓRICO VAUPÉS,BEATRIZ FERRER JARAMILLO
PACTO HISTÓRICO VAUPÉS,GUILLERMO CASTAÑEDA GOMEZ
PACTO HISTÓRICO VAUPÉS,SANDRA MILENA PEREZ GARCIA
PARTIDO CENTRO DEMOCRÁTICO,CESAR AUGUSTO LASSO MONSALVE
PARTIDO CENTRO DEMOCRÁTICO,YUDY ELSA CALDERON DIAZ
PARTIDO CONSERVADOR COLOMBIANO,JEIMER ALEJANDRO SUAREZ ROJAS
PARTIDO CONSERVADOR COLOMBIANO,JORGE ALEXANDER QUEVEDO HERRERA
PARTIDO CONSERVADOR COLOMBIANO,ANA DEL PILAR GALLEGO
PARTIDO LIBERAL COLOMBIANO,ALEXANDER HARLEY BERMUDEZ LASSO
PARTIDO LIBERAL COLOMBIANO,JERSON STEFFAN PINZON MEJIA
PARTIDO LIBERAL COLOMBIANO,MAYERLY LISBETH PULIDO GONZALEZ
"PARTIDO DE LA U, MIRA, NUEVO LIBERALISMO",ALONSO ALEXANDER CIFUENTES HOYA
"PARTIDO DE LA U, MIRA, NUEVO LIBERALISMO",LUIS ORLANDO CASTRO ACOSTA
"PARTIDO DE LA U, MIRA, NUEVO LIBERALISMO",XIMENA BELTRAN DIAZ
PACTO - VERDE - GUAVIARE,JOSE GERMAN OLARTE PALOMINO
PACTO - VERDE - GUAVIARE,MARY LUZ MARTINEZ DIAZ
PARTIDO CENTRO DEMOCRÁTICO,ALBERT ABELARDO SILVA SAAVEDRA
PARTIDO CENTRO DEMOCRÁTICO,FLOR YINED RAMIREZ HERNANDEZ
PUTUMAYO TAMBIÉN ES COLOMBIA,DIEGO FERNANDO ZAMBRANO PARDO
PUTUMAYO TAMBIÉN ES COLOMBIA,DEICY MARITZA SOSSA MAVISOY
PUTUMAYO TAMBIÉN ES COLOMBIA,MARIO FERNANDO JAMIOY CORTES
PUTUMAYO NOS UNE,BUANERGES FLORENCIO ROSERO PEÑA
PUTUMAYO NOS UNE,YENNY ALEXANDRA REVELO CUESVAS
PUTUMAYO NOS UNE,RUBEN ARTURO VELASQUEZ ALVARADO
PACTO VERDE PUTUMAYO,MIGUEL ANGEL RUBIO BRAVO
PACTO VERDE PUTUMAYO,YULE VIANEY ANZUETA TARACHE
PACTO VERDE PUTUMAYO,MAYELY MARTOS NARVAEZ
PARTIDO LIBERAL COLOMBIANO,WILLIAM BRIAN RIASCOS PALACIOS
PARTIDO LIBERAL COLOMBIANO,GERMAN ROBERTO ORTIZ CHAMORRO
PARTIDO LIBERAL COLOMBIANO,LEIDY YOHANA GARCIA MELENDEZ
PARTIDO CENTRO DEMOCRÁTICO,JUAN CARLOS COMETA VASQUEZ
PARTIDO CENTRO DEMOCRÁTICO,NIDIA ELENA RODRIGUEZ ORTIZ
AHORA COLOMBIA,MARTHA ISABEL GOMEZ PORTILLA
AHORA COLOMBIA,WILSON HERNANDO ANGULO ISAZA
AHORA COLOMBIA,MARVIN FERNANDO PAPAMIJA RODRIGUEZ
PARTIDO POLÍTICO ESPERANZA DEMOCRÁTICA,JULIETH SAMANTA FAJARDO NAVARRO
PARTIDO POLÍTICO ESPERANZA DEMOCRÁTICA,JOSE LUIS RODRIGUEZ MUÑOZ
PARTIDO LIBERAL COLOMBIANO,LUIS CARLOS ALVAREZ MORALES
PARTIDO LIBERAL COLOMBIANO,MARTHA LUCIA BELTRAN SALCEDO
PARTIDO LIBERAL COLOMBIANO,ILDEFONSO ALDAIR MIRELES ACEVEDO
PARTIDO DE LA UNIÓN POR LA GENTE - PARTIDO DE LA U,JUAN DAVID LONDOÑO ARANGO
PARTIDO DE LA UNIÓN POR LA GENTE - PARTIDO DE LA U,XIOMARA JIMENEZ SANCHEZ
PARTIDO DE LA UNIÓN POR LA GENTE - PARTIDO DE LA U,HENRY ARTURO FERNANDEZ GARCIA
PARTIDO ALIANZA VERDE,OSCAR IVAN FORERO AZABACHE
PARTIDO ALIANZA VERDE,NANCY JOHANNA SILVA HERNANDEZ
PARTIDO ALIANZA VERDE,ALBEIRO BELTRAN SALCEDO
PACTO HISTÓRICO UNITARIO - VICHADA,DARIO LOPEZ PEREZ
PACTO HISTÓRICO UNITARIO - VICHADA,YAMILY CECILIA PLAZA ESTRADA
PACTO HISTÓRICO UNITARIO - VICHADA,FREDY ANTONIO LOPEZ ALVARADO
PARTIDO CENTRO DEMOCRÁTICO,JEIVER YOBANY SANCHEZ CABRERA
PARTIDO CENTRO DEMOCRÁTICO,MARTINA GOMEZ GAITAN
PARTIDO CENTRO DEMOCRÁTICO,DOUGLAS LOPEZ CHAQUEA
MIRA + DIGNIDAD Y COMPROMISO,DIANA CRISTINA PARRA CAICEDO
LA VOZ DEL AMAZONAS,ORLANDO RAYO ACOSTA
LA VOZ DEL AMAZONAS,JHICEL BENJUMEA ACOSTA
LA VOZ DEL AMAZONAS,JUSSAN ALEXANDER FUKER FIGUEREDO
PARTIDO LIBERAL COLOMBIANO,MONICA KARINA BOCANEGRA PANTOJA
PARTIDO LIBERAL COLOMBIANO,JORGE LUIZ ARENAS VALDERRAMA
PARTIDO LIBERAL COLOMBIANO,PEDRO DIXON CAHUACHE RIVERA
PARTIDO CENTRO DEMOCRÁTICO,YENICA SUGEIN ACOSTA INFANTE
PARTIDO CENTRO DEMOCRÁTICO,VICTOR HUGO MORENO BANDEIRA
PARTIDO CENTRO DEMOCRÁTICO,LUIS ROBERTO VALDERRAMA MOJICA
PACTO HISTÓRICO AMAZONAS,POMPILIO ANDRES LOSADA PINZON
PACTO HISTÓRICO AMAZONAS,MARIA GITTOMA MARIBBA
PARTIDO LIBERAL COLOMBIANO,ELIZABETH JAY-PANG DIAZ
PARTIDO LIBERAL COLOMBIANO,LUIS EDWARD TELISFORD CHOW
PARTIDO LIBERAL COLOMBIANO,OSWALDO GARCIA ORTIZ
PARTIDO POLÍTICO LA FUERZA,CHRISTHIAN MARK MOW HAWKINS
PARTIDO POLÍTICO LA FUERZA,HILLARY YOHANNA RODRIGUEZ MARTINEZ
PARTIDO POLÍTICO LA FUERZA,ELIOT ISAAC SANCHEZ RODRIGUEZ
PARTIDO DE LA UNIÓN POR LA GENTE - PARTIDO DE LA U,BRADISON LAWRENCE FERNANDEZ BRYAN
PARTIDO DE LA UNIÓN POR LA GENTE - PARTIDO DE LA U,CARLOS ARTURO FONTALVO SUAREZ
PARTIDO DE LA UNIÓN POR LA GENTE - PARTIDO DE LA U,IDECY MAYLETH ARJONA KELLY
PARTIDO CAMBIO RADICAL,JORGE MENDEZ HERNANDEZ
PARTIDO CAMBIO RADICAL,FAUSTINO HORACIO HUDGSON WALTERS
PARTIDO CAMBIO RADICAL,MAYLIN CENITH GAITAN MOLINA
PACTO HISTÓRICO SAN ANDRÉS,LESVIA HERNANDEZ MERCADO
PACTO HISTÓRICO SAN ANDRÉS,SHOWAD LEPARD STEPHENSON SMITH
PARTIDO CENTRO DEMOCRÁTICO,JOSEPH DAN BUSH MURILLO
PARTIDO CENTRO DEMOCRÁTICO,VERONICA CONTRERAS PEREZ
PARTIDO CENTRO DEMOCRÁTICO,MIRLADYS DALLANA JULIO CARDENAS
MIRA + DIGNIDAD Y COMPROMISO,EUSTAQUIA MONTAÑO QUINTERO
MOVIMIENTO SALVACIÓN NACIONAL,IVAN IGNACIO OLIVER AMIN
PACTO HISTÓRICO SENADO,DIANA CAROLINA CORCHO MEJIA
PACTO HISTÓRICO SENADO,PEDRO HERNANDO FLOREZ PORRAS
PACTO HISTÓRICO SENADO,CARMEN PATRICIA CAICEDO OMAR
PACTO HISTÓRICO SENADO,WILSON NEBER ARIAS CASTILLO
PACTO HISTÓRICO SENADO,LAURA CRISTINA AHUMADA GARCIA
PACTO HISTÓRICO SENADO,WALTER ALFONSO RODRIGUEZ CHAPARRO
PACTO HISTÓRICO SENADO,AIDA YOLANDA AVELLA ESQUIVEL
PACTO HISTÓRICO SENADO,FERNEY SILVA IDROBO
PACTO HISTÓRICO SENADO,YULY ESMERALDA HERNANDEZ SILVA
PACTO HISTÓRICO SENADO,CARLOS ALBERTO BENAVIDES MORA
PACTO HISTÓRICO SENADO,SANDRA CLAUDIA CHINDOY JAMIOY
PACTO HISTÓRICO SENADO,JORGE ALEJANDRO OCAMPO GIRALDO
PACTO HISTÓRICO SENADO,MARIA EUGENIA LONDOÑO OCAMPO
PACTO HISTÓRICO SENADO,ALEX XAVIER FLOREZ HERNANDEZ
PACTO HISTÓRICO SENADO,KAMELIA EDITH ZULUAGA NAVARRO
PACTO HISTÓRICO SENADO,AGMETH JOSE ESCAF TIJERINO
PACTO HISTÓRICO SENADO,YAINI ISABEL CONTRERAS JIMENEZ
PACTO HISTÓRICO SENADO,CRISTIAN KEVIN GOMEZ PAZ
PACTO HISTÓRICO SENADO,ISABEL CRISTINA ZULETA LOPEZ
PACTO HISTÓRICO SENADO,MARTIN ALONSO CAICEDO CARABALI
PACTO HISTÓRICO SENADO,DEISY JOHANA OSORIO MARQUEZ
PACTO HISTÓRICO SENADO,DAVID RICARDO RACERO MAYORCA
PACTO HISTÓRICO SENADO,DEYCI ALEJANDRA OMAÑA ORTIZ
PACTO HISTÓRICO SENADO,ORLANDO MIGUEL DE LA HOZ GARCIA
PACTO HISTÓRICO SENADO,MARY JURADO PALOMINO
PACTO HISTÓRICO SENADO,ALBERTO MANUEL GASCON GIRALDO
PACTO HISTÓRICO SENADO,ETNA TAMARA ARGOTE CALDERON
PACTO HISTÓRICO SENADO,LUIS GUILLERMO PEREZ CASAS
PACTO HISTÓRICO SENADO,COLOMBIA SOFIA VILLAMIL QUIROZ
PACTO HISTÓRICO SENADO,ROBERT DAZA GUEVARA
PACTO HISTÓRICO SENADO,JAEL QUIROGA CARRILLO
PACTO HISTÓRICO SENADO,JULIO CESAR GONZALEZ QUICENO
PACTO HISTÓRICO SENADO,NELLYS MARIA CADENA ROJAS
PACTO HISTÓRICO SENADO,DAGOBERTO QUIROGA COLLAZOS
PACTO HISTÓRICO SENADO,ORSINIA PATRICIA POLANCO JUSAYU
PACTO HISTÓRICO SENADO,JORGE ANDRES CANCIMANCE LOPEZ
PACTO HISTÓRICO SENADO,SANDRA YANETH JAIMES CRUZ
PACTO HISTÓRICO SENADO,ALDO ESPINOSA RAPALINO
PACTO HISTÓRICO SENADO,DORINA HERNANDEZ PALOMINO
PACTO HISTÓRICO SENADO,FELICIANO VALENCIA MEDINA
PACTO HISTÓRICO SENADO,ROSSIH AMIRA MARTINEZ SINISTERRA
PACTO HISTÓRICO SENADO,OMAR ANDRES CAMACHO MORALES
PACTO HISTÓRICO SENADO,ROSA DEL CARMEN PEREZ TOVAR
PACTO HISTÓRICO SENADO,ALIRIO URIBE MUÑOZ
PACTO HISTÓRICO SENADO,DORIS PATRICIA CARVAJAL LONDOÑO
PACTO HISTÓRICO SENADO,EDGAR ROMERO MACIAS
PACTO HISTÓRICO SENADO,CLEMENCIA CARABALI RODALLEGA
PACTO HISTÓRICO SENADO,JARRINSON MARTINEZ COLLAZOS
PACTO HISTÓRICO SENADO,ADRIANA MARIA RUIZ HENAO
PACTO HISTÓRICO SENADO,PLUTARCO TAFUR
PACTO HISTÓRICO SENADO,LEYLA MARLENY RINCON TRUJILLO
PACTO HISTÓRICO SENADO,WILMAR FERNEY PARDO SANCHEZ
PACTO HISTÓRICO SENADO,DIANA MARCELA GOMEZ CORREAL
PACTO HISTÓRICO SENADO,DARIO FERNANDO ESCOBAR PEREZ
PACTO HISTÓRICO SENADO,GLORIA LUCERO HERRERA CONTRERAS
PACTO HISTÓRICO SENADO,ARTURO DE JESUS VILLA SERNA
PACTO HISTÓRICO SENADO,JACQUELINE CASTILLO PEÑA
PACTO HISTÓRICO SENADO,ELIECER GERARDO MORALES POLANCO
PACTO HISTÓRICO SENADO,EDUARD GIOVANNY SARMIENTO HIDALGO
PACTO HISTÓRICO SENADO,ANGELICA MARIA GUTIERREZ DAZA
PACTO HISTÓRICO SENADO,JOSE DE JESUS CAMACHO GAMERO
PACTO HISTÓRICO SENADO,LILIA CLEMENCIA SOLANO RAMIREZ
PACTO HISTÓRICO SENADO,YORDY YUNDA PAJOY
PACTO HISTÓRICO SENADO,DIANA CAROLINA MEJIA OVIEDO
PACTO HISTÓRICO SENADO,JAIME CALDERON HERRERA
PACTO HISTÓRICO SENADO,CATALINA DEL SOCORRO PEREZ PEREZ
PACTO HISTÓRICO SENADO,VALENTIN DE LA BARRERA BARRIOS
PACTO HISTÓRICO SENADO,OSCAR JULIO RINCON HERNANDEZ
PACTO HISTÓRICO SENADO,JORGE IVAN VELEZ CALVO
PACTO HISTÓRICO SENADO,MARY ANNE ANDREA PERDOMO GUTIERREZ
PACTO HISTÓRICO SENADO,HORACIO CORREA GARRIDO
PACTO HISTÓRICO SENADO,ROSALBA CARDALES SUAREZ
PACTO HISTÓRICO SENADO,JUAN FELIPE RODRIGUEZ VELEZ
PACTO HISTÓRICO SENADO,LINIBETH CRUZ BAQUERO
PACTO HISTÓRICO SENADO,ANDRES FELIPE RIOS GIRALDO
PACTO HISTÓRICO SENADO,MYRIAM TAMARA CARRERO
PACTO HISTÓRICO SENADO,RUBY STELLA MORALES SIERRA
PACTO HISTÓRICO SENADO,NINFA HERRERA DOMINGUEZ
PACTO HISTÓRICO SENADO,LUIS ENRIQUE FLOREZ AGAMEZ
PACTO HISTÓRICO SENADO,CLEMENTINA RAMIREZ
PACTO HISTÓRICO SENADO,MIGUEL VILLANUEVA VARGAS
PACTO HISTÓRICO SENADO,NUBIA ENRIQUEZ HERNANDEZ
PACTO HISTÓRICO SENADO,MIGUEL HERNAN HERNANDEZ SANCHEZ
PACTO HISTÓRICO SENADO,ALICIA RAMOS PACHECO
PACTO HISTÓRICO SENADO,GERMAN ENRIQUE BAUTISTA JAIMES
PACTO HISTÓRICO SENADO,YAQUELINE ORELLANO PACHECO
PACTO HISTÓRICO SENADO,LUIS GUILLERMO DUARTE ESCOBAR
PACTO HISTÓRICO SENADO,STALIN ANTONIO BALLESTEROS GARCIA
PACTO HISTÓRICO SENADO,MIGUEL HERNANDO MORENO ARCINIEGAS
PACTO HISTÓRICO SENADO,ROLANDO QUINTERO RAMIREZ
PACTO HISTÓRICO SENADO,ALONSO FERNANDEZ GOMEZ
PACTO HISTÓRICO SENADO,JUAN MANUEL MURILLO MARTINEZ
PACTO HISTÓRICO SENADO,ORLANDO RAFAEL MERCADO VALETA
PACTO HISTÓRICO SENADO,ALEXANDER CHALA SAENZ
PACTO HISTÓRICO SENADO,JOSE ANTONIO TAMARA LEON
PARTIDO DE LA UNIÓN POR LA GENTE - PARTIDO DE LA U,JOSE ALFREDO GNECCO ZULETA
PARTIDO DE LA UNIÓN POR LA GENTE - PARTIDO DE LA U,ALFREDO RAFAEL DELUQUE ZULETA
PARTIDO DE LA UNIÓN POR LA GENTE - PARTIDO DE LA U,JOSE DAVID NAME CARDOZO
PARTIDO DE LA UNIÓN POR LA GENTE - PARTIDO DE LA U,CAMILO ANDRES VITAL HERNANDEZ
PARTIDO DE LA UNIÓN POR LA GENTE - PARTIDO DE LA U,JULIO ALBERTO ELIAS VIDAL
PARTIDO DE LA UNIÓN POR LA GENTE - PARTIDO DE LA U,JULIO ELIAS CHAGUI FLOREZ
PARTIDO DE LA UNIÓN POR LA GENTE - PARTIDO DE LA U,JUAN CARLOS GARCES ROJAS
PARTIDO DE LA UNIÓN POR LA GENTE - PARTIDO DE LA U,OSCAR EDUARDO APOLINAR MARTINEZ
PARTIDO DE LA UNIÓN POR LA GENTE - PARTIDO DE LA U,WILMER RAMIRO CARRILLO MENDOZA
PARTIDO DE LA UNIÓN POR LA GENTE - PARTIDO DE LA U,JUAN FELIPE LEMOS URIBE
PARTIDO DE LA UNIÓN POR LA GENTE - PARTIDO DE LA U,NORMA HURTADO SANCHEZ
PARTIDO DE LA UNIÓN POR LA GENTE - PARTIDO DE LA U,MARIA EMA RODRIGUEZ MOSQUERA
PARTIDO DE LA UNIÓN POR LA GENTE - PARTIDO DE LA U,JOHN MOISES BESAILE FAYAD
PARTIDO DE LA UNIÓN POR LA GENTE - PARTIDO DE LA U,JAVIER EDUARDO SANCHEZ RODRIGUEZ
PARTIDO DE LA UNIÓN POR LA GENTE - PARTIDO DE LA U,ANA PAOLA GARCIA SOTO
PARTIDO DE LA UNIÓN POR LA GENTE - PARTIDO DE LA U,ELKIN DAVID BUENO ALTAHONA
PARTIDO DE LA UNIÓN POR LA GENTE - PARTIDO DE LA U,ANTONIO JOSE CORREA JIMENEZ
PARTIDO DE LA UNIÓN POR LA GENTE - PARTIDO DE LA U,LUZ MARGOTH ROJAS ABAUNZA
PARTIDO DE LA UNIÓN POR LA GENTE - PARTIDO DE LA U,MIGUEL ANGEL FLOREZ BUSTOS
PARTIDO DE LA UNIÓN POR LA GENTE - PARTIDO DE LA U,FREDDY CAMILO GOMEZ CASTRO
PARTIDO DE LA UNIÓN POR LA GENTE - PARTIDO DE LA U,JORGE ANDRES CORDERO VARILLA
PARTIDO DE LA UNIÓN POR LA GENTE - PARTIDO DE LA U,FABIAN ORLANDO RIVERA CARRILLO
PARTIDO DE LA UNIÓN POR LA GENTE - PARTIDO DE LA U,MARIA EUGENIA JARABA MARTINEZ
PARTIDO DE LA UNIÓN POR LA GENTE - PARTIDO DE LA U,MARIA IRMA NOREÑA ARBOLEDA
PARTIDO DE LA UNIÓN POR LA GENTE - PARTIDO DE LA U,WILLIAM MAURICIO JIMENEZ ROZO
PARTIDO DE LA UNIÓN POR LA GENTE - PARTIDO DE LA U,JAVIER FERNANDEZ FRANCO
PARTIDO DE LA UNIÓN POR LA GENTE - PARTIDO DE LA U,LUIS CARLOS SEGURA RUBIANO
PARTIDO DE LA UNIÓN POR LA GENTE - PARTIDO DE LA U,JOSE CRISTIAN LEON MOLINA
PARTIDO DE LA UNIÓN POR LA GENTE - PARTIDO DE LA U,MARIA MIRTHA ROMERO SEGURA
PARTIDO DE LA UNIÓN POR LA GENTE - PARTIDO DE LA U,ANDRES OLMEDO GRUESO MARTINEZ
PARTIDO DE LA UNIÓN POR LA GENTE - PARTIDO DE LA U,ANGELICA MARIA PEREIRA MUÑOZ
PARTIDO DE LA UNIÓN POR LA GENTE - PARTIDO DE LA U,GUSTAVO ADOLFO MARTINEZ ARCOS
PARTIDO DE LA UNIÓN POR LA GENTE - PARTIDO DE LA U,EDUAR ENRIQUE REYES MACIAS
PARTIDO DE LA UNIÓN POR LA GENTE - PARTIDO DE LA U,RICARDO ANDRES JARAMILLO GUZMAN
PARTIDO DE LA UNIÓN POR LA GENTE - PARTIDO DE LA U,SANDRA MILENA GUTIERREZ MURCIA
PARTIDO DE LA UNIÓN POR LA GENTE - PARTIDO DE LA U,JULIAN ANDRES HENAO CHACON
PARTIDO DE LA UNIÓN POR LA GENTE - PARTIDO DE LA U,ROBERT PAUL VACA CONTRERAS
PARTIDO DE LA UNIÓN POR LA GENTE - PARTIDO DE LA U,CAROLINA GUAÑARITA FLOREZ
PARTIDO DE LA UNIÓN POR LA GENTE - PARTIDO DE LA U,LILIANA MARIA ESPITIA ROBLES
PARTIDO DE LA UNIÓN POR LA GENTE - PARTIDO DE LA U,DAIRO ARIAS CARDENAS
PARTIDO DE LA UNIÓN POR LA GENTE - PARTIDO DE LA U,JEYSON DAVID RESTREPO URIBE
PARTIDO DE LA UNIÓN POR LA GENTE - PARTIDO DE LA U,ROBERT ENRIQUE ORTEGA SALCEDO
PARTIDO DE LA UNIÓN POR LA GENTE - PARTIDO DE LA U,ANDREA ROMERO GUERRERO
PARTIDO DE LA UNIÓN POR LA GENTE - PARTIDO DE LA U,SANDRA ROCIO CARRASCAL VILLALBA
PARTIDO DE LA UNIÓN POR LA GENTE - PARTIDO DE LA U,ELIANA PAOLA BETANCUR RAMOS
PARTIDO DE LA UNIÓN POR LA GENTE - PARTIDO DE LA U,CARMEN ELENA SUAREZ MUÑOZ
PARTIDO DE LA UNIÓN POR LA GENTE - PARTIDO DE LA U,ANGELA MARIA VARGAS RAMIREZ
PARTIDO DE LA UNIÓN POR LA GENTE - PARTIDO DE LA U,SARA ECHEVERRI GUTIERREZ
PARTIDO DE LA UNIÓN POR LA GENTE - PARTIDO DE LA U,DIANA LORENA MAZO VILLEGAS
PARTIDO DE LA UNIÓN POR LA GENTE - PARTIDO DE LA U,LADY JHOANNA RAMIREZ GIRALDO
PARTIDO DE LA UNIÓN POR LA GENTE - PARTIDO DE LA U,JULIAN QUINTERO OSPINA
PARTIDO DE LA UNIÓN POR LA GENTE - PARTIDO DE LA U,MADELEINE LASCARRO RODRIGUEZ
PARTIDO DE LA UNIÓN POR LA GENTE - PARTIDO DE LA U,SEBASTIAN RINCON ZULUAGA
PARTIDO DE LA UNIÓN POR LA GENTE - PARTIDO DE LA U,DIANA ESPERANZA ACUÑA GARCIA
PARTIDO DE LA UNIÓN POR LA GENTE - PARTIDO DE LA U,LEONARDO ALBERTO NUÑEZ PRIETO
PARTIDO DE LA UNIÓN POR LA GENTE - PARTIDO DE LA U,ALEJANDRO BAENA GIRALDO
PARTIDO DE LA UNIÓN POR LA GENTE - PARTIDO DE LA U,PABLO ANTONIO BUSTACARA LARGO
PARTIDO DE LA UNIÓN POR LA GENTE - PARTIDO DE LA U,BARBARA CECILIA JARAMILLO MAYA
PARTIDO DE LA UNIÓN POR LA GENTE - PARTIDO DE LA U,NICOLAS GARCIA ZAPATA
PARTIDO DE LA UNIÓN POR LA GENTE - PARTIDO DE LA U,STEVE GIRALDO CORREA
PARTIDO DE LA UNIÓN POR LA GENTE - PARTIDO DE LA U,CARMEN SOFIA LOPEZ PORTILLO
PARTIDO DE LA UNIÓN POR LA GENTE - PARTIDO DE LA U,FLORESMIRO ZARTA GUZMAN
PARTIDO DE LA UNIÓN POR LA GENTE - PARTIDO DE LA U,SANDRA PATRICIA DEL SOCORRO ORTIZ VALENCIA
PARTIDO DE LA UNIÓN POR LA GENTE - PARTIDO DE LA U,BLANCA SOFIA SAAVEDRA BECERRA
PARTIDO DE LA UNIÓN POR LA GENTE - PARTIDO DE LA U,JHONNY ANDRES ALZATE
PARTIDO DE LA UNIÓN POR LA GENTE - PARTIDO DE LA U,ELIZABETH MENESES DELGADO
PARTIDO DE LA UNIÓN POR LA GENTE - PARTIDO DE LA U,HUGO ALBERTO OSPINA AGUDELO
PARTIDO DE LA UNIÓN POR LA GENTE - PARTIDO DE LA U,DANIELA LASSO PERLAZA
PARTIDO DE LA UNIÓN POR LA GENTE - PARTIDO DE LA U,HARVEY ALEXANDER GALVIS ARIAS
PARTIDO DE LA UNIÓN POR LA GENTE - PARTIDO DE LA U,MARIA NAZARETH MARTINEZ GARCIA
PARTIDO DE LA UNIÓN POR LA GENTE - PARTIDO DE LA U,LEIDY ALEJANDRA MURCIA BOTERO
PARTIDO DE LA UNIÓN POR LA GENTE - PARTIDO DE LA U,PATRICIA EUGENIA BLANCO FADUL
PARTIDO DE LA UNIÓN POR LA GENTE - PARTIDO DE LA U,NESTOR FELIPE GIRONZA CARDONA
PARTIDO DE LA UNIÓN POR LA GENTE - PARTIDO DE LA U,ANDRES ROJAS MARULANDA
PARTIDO DE LA UNIÓN POR LA GENTE - PARTIDO DE LA U,EDNA YANETH CORDERO MONTAÑA
PARTIDO DE LA UNIÓN POR LA GENTE - PARTIDO DE LA U,LESTER MANUEL ARGEL MELENDREZ
PARTIDO DE LA UNIÓN POR LA GENTE - PARTIDO DE LA U,CLAUDIA LILIANA ORTIZ CASTILLO
PARTIDO DE LA UNIÓN POR LA GENTE - PARTIDO DE LA U,YURY PAULINA CHAVARRO RAMOS
PARTIDO DE LA UNIÓN POR LA GENTE - PARTIDO DE LA U,MYRIAN AZUCENA RODRIGUEZ GALINDO
PARTIDO DE LA UNIÓN POR LA GENTE - PARTIDO DE LA U,CRISTIAN CAMILO GARCIA OSORIO
PARTIDO DE LA UNIÓN POR LA GENTE - PARTIDO DE LA U,JORGE MARIO ZAPATA GONZALEZ
PARTIDO DE LA UNIÓN POR LA GENTE - PARTIDO DE LA U,WASLDISTRUDIS HURTADO MINOTTA
PARTIDO DE LA UNIÓN POR LA GENTE - PARTIDO DE LA U,HILBER OSWALDO RODRIGUEZ DELGADO
PARTIDO DE LA UNIÓN POR LA GENTE - PARTIDO DE LA U,MARIA EDITH CASTELLANOS GARCIA
PARTIDO DE LA UNIÓN POR LA GENTE - PARTIDO DE LA U,JUAN PABLO SOLARTE CHAVES
PARTIDO DE LA UNIÓN POR LA GENTE - PARTIDO DE LA U,MANUEL OVIDIO JIMENEZ LOPEZ
PARTIDO DE LA UNIÓN POR LA GENTE - PARTIDO DE LA U,BIVIAN PATRICIA ROMERO PADILLA
PARTIDO DE LA UNIÓN POR LA GENTE - PARTIDO DE LA U,JESUS ANDRES PAVA MENDOZA
PARTIDO DE LA UNIÓN POR LA GENTE - PARTIDO DE LA U,LORENA CASTAÑO ARAGON
PARTIDO DE LA UNIÓN POR LA GENTE - PARTIDO DE LA U,GINETH PAOLA BLANCO CELY
PARTIDO DE LA UNIÓN POR LA GENTE - PARTIDO DE LA U,GUSTAVO ADOLFO CORRALES CORREA
PARTIDO DE LA UNIÓN POR LA GENTE - PARTIDO DE LA U,JOSE LUIS MONTOYA COBO
PARTIDO DE LA UNIÓN POR LA GENTE - PARTIDO DE LA U,LIZETH JIMENA CARRION MARTINEZ
PARTIDO DE LA UNIÓN POR LA GENTE - PARTIDO DE LA U,CLAUDIA SOFIA LEMOS LEMOS
PARTIDO DE LA UNIÓN POR LA GENTE - PARTIDO DE LA U,OMAR ALBERTO SILVA JIMENEZ
PARTIDO DE LA UNIÓN POR LA GENTE - PARTIDO DE LA U,RAFAEL OLMANDO BRAVO BENITEZ
PARTIDO DE LA UNIÓN POR LA GENTE - PARTIDO DE LA U,VANESSA PALACIOS QUINTERO
PARTIDO DE LA UNIÓN POR LA GENTE - PARTIDO DE LA U,GLORIA NANCY PADILLA ROMERO
PARTIDO DE LA UNIÓN POR LA GENTE - PARTIDO DE LA U,MARIA ELSY PADILLA MUÑOZ
PARTIDO DE LA UNIÓN POR LA GENTE - PARTIDO DE LA U,DOLLY GIRALDO PEREZ
COALICIÓN CAMBIO RADICAL - ALMA,DIDIER LOBO CHINCHILLA
COALICIÓN CAMBIO RADICAL - ALMA,JOSE NICOLAS GOMEZ MEDINA
COALICIÓN CAMBIO RADICAL - ALMA,CESAR AUGUSTO LORDUY MALDONADO
COALICIÓN CAMBIO RADICAL - ALMA,BEATRIZ LORENA RIOS CUELLAR
COALICIÓN CAMBIO RADICAL - ALMA,SELMEN DAVID ARANA CANO
COALICIÓN CAMBIO RADICAL - ALMA,NELSON JAVIER LOPEZ RODRIGUEZ
COALICIÓN CAMBIO RADICAL - ALMA,GONZALO DIMAS BAUTE GONZALEZ
COALICIÓN CAMBIO RADICAL - ALMA,CARLOS MARIO FARELO DAZA
COALICIÓN CAMBIO RADICAL - ALMA,HUGO ENRIQUE GARCIA BOHORQUEZ
COALICIÓN CAMBIO RADICAL - ALMA,CARLOS HERNAN RODRIGUEZ NARANJO
COALICIÓN CAMBIO RADICAL - ALMA,CARLOS FERNANDO MOTOA SOLARTE
COALICIÓN CAMBIO RADICAL - ALMA,ADOLFO LEON CABRERA BASTIDAS
COALICIÓN CAMBIO RADICAL - ALMA,GERSEL LUIS PEREZ ALTAMIRANDA
COALICIÓN CAMBIO RADICAL - ALMA,EDGARDO MIGUEL ESPITIA CABRALES
COALICIÓN CAMBIO RADICAL - ALMA,JOSE LUIS PEREZ OYUELA
COALICIÓN CAMBIO RADICAL - ALMA,JOSE DOMINGO GOYENECHE LANDINEZ
COALICIÓN CAMBIO RADICAL - ALMA,OSCAR HERNANDEZ GUALDRON
COALICIÓN CAMBIO RADICAL - ALMA,PAULINO RIASCOS RIASCOS
COALICIÓN CAMBIO RADICAL - ALMA,RUMMENIGGE MONSALVE ALVAREZ
COALICIÓN CAMBIO RADICAL - ALMA,LINA MARIA GARRIDO MARTIN
COALICIÓN CAMBIO RADICAL - ALMA,RODOLFO JOSE HERNANDEZ OLIVEROS
COALICIÓN CAMBIO RADICAL - ALMA,YONATAN BOTERO ALZATE
COALICIÓN CAMBIO RADICAL - ALMA,ELIECER CRECENCIO QUIÑONES ANGULO
COALICIÓN CAMBIO RADICAL - ALMA,NUBIA CLEMENCIA ARIAS GONZALEZ
COALICIÓN CAMBIO RADICAL - ALMA,ANDRES FELIPE CANO STERLING
COALICIÓN CAMBIO RADICAL - ALMA,FRANCISCO JAVIER ALVARADO NIÑO
COALICIÓN CAMBIO RADICAL - ALMA,GUILLERMO ABRIL ABRIL
COALICIÓN CAMBIO RADICAL - ALMA,JORGE IVAN CARDENAS GIRALDO
COALICIÓN CAMBIO RADICAL - ALMA,CARLOS ENRIQUE FORERO SANCHEZ
COALICIÓN CAMBIO RADICAL - ALMA,JAIME ANDRES CARREÑO
COALICIÓN CAMBIO RADICAL - ALMA,OLGA INES RUBIANO CORREA
COALICIÓN CAMBIO RADICAL - ALMA,RAFAEL TORRES MARTINEZ
COALICIÓN CAMBIO RADICAL - ALMA,JOSE LIBARDO GUZMAN NARANJO
COALICIÓN CAMBIO RADICAL - ALMA,GRACE MILENA GRANADOS HERNANDEZ
COALICIÓN CAMBIO RADICAL - ALMA,REINALDO DE JESUS SIERRA RAMIREZ
COALICIÓN CAMBIO RADICAL - ALMA,MARIA FERNANDA ORTIZ MORA
COALICIÓN CAMBIO RADICAL - ALMA,FERNANDO TOLOZA COLORADO
COALICIÓN CAMBIO RADICAL - ALMA,MALLERLY KATHERINE MARTINEZ LINARES
COALICIÓN CAMBIO RADICAL - ALMA,JOSE MARIA VILLANUEVA RAMIREZ
COALICIÓN CAMBIO RADICAL - ALMA,HENRY FERNANDO LADINO GONZALEZ
COALICIÓN CAMBIO RADICAL - ALMA,LUIS HERLINDO MENDIETA OVALLE
COALICIÓN CAMBIO RADICAL - ALMA,ELKIN HERNANDO SALCEDO SANTOS
COALICIÓN CAMBIO RADICAL - ALMA,JONIS DARIO ECHEVERRI RAMIREZ
COALICIÓN CAMBIO RADICAL - ALMA,LUIS ALBEIRO TORRES SOTO
COALICIÓN CAMBIO RADICAL - ALMA,DUMAR APONTE RAMIREZ
COALICIÓN CAMBIO RADICAL - ALMA,GLADIS ARIAS JIMENEZ
COALICIÓN CAMBIO RADICAL - ALMA,GERARDO SOTOMONTE ANGULO
COALICIÓN CAMBIO RADICAL - ALMA,YUDY ELVIRA AYA TORO
COALICIÓN CAMBIO RADICAL - ALMA,CARLOS ANDRES CHAGUEZA ORTEGA
COALICIÓN CAMBIO RADICAL - ALMA,GLADYS LIDIA CORTES VALENCIA
COALICIÓN CAMBIO RADICAL - ALMA,INDIRA GONZALEZ ESTRADA
COALICIÓN CAMBIO RADICAL - ALMA,ADRIANA ROCIO CADENA CANCINO
COALICIÓN CAMBIO RADICAL - ALMA,HECTOR DAVID LINARES SALGADO
COALICIÓN CAMBIO RADICAL - ALMA,JOSE GREGORIO BOTELLO ORTEGA
COALICIÓN CAMBIO RADICAL - ALMA,MAURICIO MORRIS OTALORA
COALICIÓN CAMBIO RADICAL - ALMA,EDGAR RICARDO ARDILA GALEANO
COALICIÓN CAMBIO RADICAL - ALMA,CESAR NORBERTO BARRERA AVILA
COALICIÓN CAMBIO RADICAL - ALMA,JULLIE PAULIN ALFONSO GONZALEZ
COALICIÓN CAMBIO RADICAL - ALMA,LILIANA AREVALO VIDALES
COALICIÓN CAMBIO RADICAL - ALMA,ALVARO MIGUEL NAVAS PATRON
COALICIÓN CAMBIO RADICAL - ALMA,LUIS ALEJANDRO SIZA URIBE
COALICIÓN CAMBIO RADICAL - ALMA,IDANIA MERCEDES ALFARO MARTINEZ
COALICIÓN CAMBIO RADICAL - ALMA,BLANCA NUBIA TAFUR GARCIA
COALICIÓN CAMBIO RADICAL - ALMA,MILTON FERNANDO CUERVO PEREZ
COALICIÓN CAMBIO RADICAL - ALMA,MAURICIO BEJARANO ARANGO
COALICIÓN CAMBIO RADICAL - ALMA,HILDA ROCIO GIRALDO CARDONA
COALICIÓN CAMBIO RADICAL - ALMA,LEWIS EDUARDO JIMENEZ GARCIA
COALICIÓN CAMBIO RADICAL - ALMA,ANA CECILIA AGUIRRE BUITRAGO
COALICIÓN CAMBIO RADICAL - ALMA,DORA MARIA RODRIGUEZ TOBAR
COALICIÓN CAMBIO RADICAL - ALMA,ORLANDO BASTO TRIANA
COALICIÓN CAMBIO RADICAL - ALMA,FABIAN DE JESUS HIGINIO GIRALDO
COALICIÓN CAMBIO RADICAL - ALMA,WILLIAM FERNANDO ESTUPIÑAN GARCIA
COALICIÓN CAMBIO RADICAL - ALMA,JAIR PAUL SIERRA DIAZ
COALICIÓN CAMBIO RADICAL - ALMA,MARIA FERNANDA CHAVES
COALICIÓN CAMBIO RADICAL - ALMA,NATALIA ISABEL RINCON GALVAN
COALICIÓN CAMBIO RADICAL - ALMA,JOSE ANGEL MESA PULGARIN
COALICIÓN CAMBIO RADICAL - ALMA,OLGA LUCIA RAMOS SAJONA
COALICIÓN CAMBIO RADICAL - ALMA,JOSE MANUEL RIOS MORALES
COALICIÓN CAMBIO RADICAL - ALMA,NOHORA MAYORGA ROMERO
COALICIÓN CAMBIO RADICAL - ALMA,LUIS FERNANDO VELAZQUEZ BUENO
COALICIÓN CAMBIO RADICAL - ALMA,RODRIGO GUZMAN DAVILA
COALICIÓN CAMBIO RADICAL - ALMA,BLANCA LARRADA PALACIO
COALICIÓN CAMBIO RADICAL - ALMA,JULIAN ALONSO RESTREPO JARAMILLO
COALICIÓN CAMBIO RADICAL - ALMA,GEORGINA RIVERA TORRES
COALICIÓN CAMBIO RADICAL - ALMA,ROCIO MARGOTH DIAZ GOMEZ
COALICIÓN CAMBIO RADICAL - ALMA,EDGAR OROZCO VICTORIA
COALICIÓN CAMBIO RADICAL - ALMA,MONICA MUÑOZ VELASCO
COALICIÓN CAMBIO RADICAL - ALMA,MARIA EUGENIA MEJIA POLOCHE
COALICIÓN CAMBIO RADICAL - ALMA,LUIS GUILLERMO HOYOS MENESES
COALICIÓN CAMBIO RADICAL - ALMA,MAX PLANCK GOMEZ RODRIGUEZ
COALICIÓN CAMBIO RADICAL - ALMA,DEILLY MOSQUERA MENA
COALICIÓN CAMBIO RADICAL - ALMA,SINDY PAOLA OLIVEROS GAVIRIA
COALICIÓN CAMBIO RADICAL - ALMA,CESAR AUGUSTO LOAIZA CAPERA
COALICIÓN CAMBIO RADICAL - ALMA,LUDYS DEL TRANSITO RODRIGUEZ LINERO
COALICIÓN CAMBIO RADICAL - ALMA,IVAN SAMUEL PEÑA ANDRADE
COALICIÓN CAMBIO RADICAL - ALMA,OSCAR RUBEN GARCIA BECERRA
COALICIÓN CAMBIO RADICAL - ALMA,LUZ MARINA RAMIREZ BETANCOURT
COALICIÓN CAMBIO RADICAL - ALMA,JUAN CARLOS FLORIAN TRIANA
COALICIÓN CAMBIO RADICAL - ALMA,HECTOR GUILLERMO BERNAL MALPICA
PARTIDO CONSERVADOR COLOMBIANO,JUAN CARLOS WILLS OSPINA
PARTIDO CONSERVADOR COLOMBIANO,EDWIN JAVIER BRITO GARCIA
PARTIDO CONSERVADOR COLOMBIANO,DANIEL RESTREPO CARMONA
PARTIDO CONSERVADOR COLOMBIANO,WADITH ALBERTO MANZUR IMBETT
PARTIDO CONSERVADOR COLOMBIANO,MARCOS DANIEL PINEDA GARCIA
PARTIDO CONSERVADOR COLOMBIANO,GERMAN ALCIDES BLANCO ALVAREZ
PARTIDO CONSERVADOR COLOMBIANO,DAVID ALEJANDRO BARGUIL ASSIS
PARTIDO CONSERVADOR COLOMBIANO,NADYA GEORGETTE BLEL SCAFF
PARTIDO CONSERVADOR COLOMBIANO,ARMANDO ANTONIO ZABARAIN D ARCE
PARTIDO CONSERVADOR COLOMBIANO,LUZ DALY GONZALEZ CRUZADO
PARTIDO CONSERVADOR COLOMBIANO,MARIA CLARA RAMIREZ FERRO
PARTIDO CONSERVADOR COLOMBIANO,LUIS EDUARDO DIAZ MATEUS
PARTIDO CONSERVADOR COLOMBIANO,MIGUEL ANGEL BARRETO CASTILLO
PARTIDO CONSERVADOR COLOMBIANO,JUAN CARLOS GARCIA GOMEZ
PARTIDO CONSERVADOR COLOMBIANO,HERNAN FRANCISCO ANDRADE SERRANO
PARTIDO CONSERVADOR COLOMBIANO,DIELA LILIANA BENAVIDES SOLARTE
PARTIDO CONSERVADOR COLOMBIANO,SOLEDAD TAMAYO TAMAYO
PARTIDO CONSERVADOR COLOMBIANO,YULY COLMENARES APONTE
PARTIDO CONSERVADOR COLOMBIANO,GERMAN ARMANDO GARCIA ROA
PARTIDO CONSERVADOR COLOMBIANO,JOHNNATAN ALEXIS TAMAYO USUGA
PARTIDO CONSERVADOR COLOMBIANO,HAROLD MILTON VALENCIA RUGE
PARTIDO CONSERVADOR COLOMBIANO,DANIEL MORENO MOTTA
PARTIDO CONSERVADOR COLOMBIANO,RAFAEL ANDRES NAVARRO CRANE
PARTIDO CONSERVADOR COLOMBIANO,JUAN CAMILO VELEZ LONDOÑO
PARTIDO CONSERVADOR COLOMBIANO,JOSE ORLANDO CARRILLO
PARTIDO CONSERVADOR COLOMBIANO,JUAN DIEGO GOMEZ JIMENEZ
PARTIDO CONSERVADOR COLOMBIANO,ADRIANA RODRIGUEZ SANCHEZ
PARTIDO CONSERVADOR COLOMBIANO,JOSE EDUARDO QUIROGA BARRIGA
PARTIDO CONSERVADOR COLOMBIANO,ANDRES FERNANDO VASQUEZ VARGAS
PARTIDO CONSERVADOR COLOMBIANO,ALBERTO CANO DEMPSEY
PARTIDO CONSERVADOR COLOMBIANO,LUIS ENRIQUE DIAZ GARCIA
PARTIDO CONSERVADOR COLOMBIANO,MARLY YURLEY RODRIGUEZ HERRERA
PARTIDO CONSERVADOR COLOMBIANO,RICARDO ANDRES ROA CASTELLANOS
PARTIDO CONSERVADOR COLOMBIANO,LUIS ALCIBIADES HERNANDEZ CASTELLANOS
PARTIDO CONSERVADOR COLOMBIANO,ABELARDO RAFAEL MEZA HERAZO
PARTIDO CONSERVADOR COLOMBIANO,ALEXANDER BARRUETO RODRIGUEZ
PARTIDO CONSERVADOR COLOMBIANO,CARLOS ARMANDO SUSSMAN PEÑA
PARTIDO CONSERVADOR COLOMBIANO,HECTOR MARINO ANGULO CAICEDO
PARTIDO CONSERVADOR COLOMBIANO,ALBA ROCIO ROMERO GARCIA
PARTIDO CONSERVADOR COLOMBIANO,BRAYAN STIVEN REALPE URIBE
PARTIDO CONSERVADOR COLOMBIANO,SYLVIA JULIANA ARCINIEGAS GOMEZ
PARTIDO CONSERVADOR COLOMBIANO,NELSON REMIGIO VEGA VEGA
PARTIDO CONSERVADOR COLOMBIANO,NATALIA MORALES URQUIJO
PARTIDO CONSERVADOR COLOMBIANO,ALIX DEL CARMEN RICARDO PEREZ
PARTIDO CONSERVADOR COLOMBIANO,MAURICIO DIAZ ARELLANO
PARTIDO CONSERVADOR COLOMBIANO,RICARDO MOSQUERA CAICEDO
PARTIDO CONSERVADOR COLOMBIANO,HAROLD ALBERTO ACOSTA ORTEGA
PARTIDO CONSERVADOR COLOMBIANO,MARIA CONSUELO SUAREZ RAMOS
PARTIDO CONSERVADOR COLOMBIANO,FANY ESMERALDA GARZON CIFUENTES
PARTIDO CONSERVADOR COLOMBIANO,JENNIFER ALEXANDRA BUITRAGO PEÑA
PARTIDO CONSERVADOR COLOMBIANO,EFRAIN ALBERTO AGAMEZ MONTES
PARTIDO CONSERVADOR COLOMBIANO,MARY LILIANA MURCIA FRANCO
PARTIDO CONSERVADOR COLOMBIANO,VIVIANA PATRICIA BLELL CERVANTES
PARTIDO CONSERVADOR COLOMBIANO,ALBERTO DEVIA ESCOBAR
PARTIDO CONSERVADOR COLOMBIANO,SANTIAGO BARRETO TRIANA
PARTIDO CONSERVADOR COLOMBIANO,MAURICIO FERNANDEZ FRANCO
PARTIDO CONSERVADOR COLOMBIANO,MYRIAM LEON GARCIA
PARTIDO CONSERVADOR COLOMBIANO,IRINA ROSA VEGA VERGARA
PARTIDO CONSERVADOR COLOMBIANO,JOHAN RAFAEL MACIAS MACIAS
PARTIDO CONSERVADOR COLOMBIANO,ANDRES FELIPE CARO CARVAJAL
PARTIDO CONSERVADOR COLOMBIANO,JOSE ABEL PAZ JULICUE
PARTIDO CONSERVADOR COLOMBIANO,CARLOS YOVANNI GORDILLO VARGAS
PARTIDO CONSERVADOR COLOMBIANO,ERIKA RAMIREZ ARISTIZABAL
PARTIDO CONSERVADOR COLOMBIANO,RODRIGO GRAJALES VALENCIA
PARTIDO CONSERVADOR COLOMBIANO,GLADYS HELENA ORTIZ FLOREZ
PARTIDO CONSERVADOR COLOMBIANO,NEHEMIAS CORDOBA GONZALEZ
PARTIDO CONSERVADOR COLOMBIANO,MARIA DEL PILAR GONZALEZ HOYOS
PARTIDO CONSERVADOR COLOMBIANO,WILMAN ACUÑA MONTOYA
PARTIDO CONSERVADOR COLOMBIANO,JUAN MANUEL QUIROGA DIAZ
PARTIDO CONSERVADOR COLOMBIANO,JORGE ALIRIO RAYO LOZADA
PARTIDO CONSERVADOR COLOMBIANO,OSCAR ANTONIO BONILLA VARELA
PARTIDO CONSERVADOR COLOMBIANO,LUZ STELLA RIVEROS ROZO
PARTIDO CONSERVADOR COLOMBIANO,YOBANY OROZCO VALENCIANO
PARTIDO CONSERVADOR COLOMBIANO,NELLY DELFINA FORERO RINCON
PARTIDO CONSERVADOR COLOMBIANO,KAREN ALICIA DE VILLEROS BERMUDEZ
PARTIDO CONSERVADOR COLOMBIANO,HECTOR JAVIER DELGADILLO ARENAS
PARTIDO CONSERVADOR COLOMBIANO,KATHERINE GALAN JIMENEZ
PARTIDO CONSERVADOR COLOMBIANO,CATALINA ARANGO RABITZ
PARTIDO CONSERVADOR COLOMBIANO,JAIRO ROBERTO RODRIGUEZ DELGADO
PARTIDO CONSERVADOR COLOMBIANO,JUAN DAVID ESCOBAR CUBIDES
PARTIDO CONSERVADOR COLOMBIANO,LINA BEATRIZ ALVAREZ JIMENEZ
PARTIDO CONSERVADOR COLOMBIANO,RUBEN DARIO GIRALDO CARVAJAL
PARTIDO CONSERVADOR COLOMBIANO,EDWAR JALABE DIAZ
PARTIDO CONSERVADOR COLOMBIANO,CIRO ALFONSO GALVIS MUÑOZ
PARTIDO CONSERVADOR COLOMBIANO,GERSON AUGUSTO RAMIREZ TERAN
PARTIDO CONSERVADOR COLOMBIANO,PEDRO DUARTE GONZALEZ
PARTIDO CONSERVADOR COLOMBIANO,LUIS ALEJANDRO TOVAR ARIAS
PARTIDO CONSERVADOR COLOMBIANO,ANDREA CAROLINA MORENO MORALES
PARTIDO CONSERVADOR COLOMBIANO,DIANA CAROLINA PICO CARVAJAL
PARTIDO CONSERVADOR COLOMBIANO,LACIDES CARMELO TRUJILLO CARRILLO
PARTIDO CONSERVADOR COLOMBIANO,HERNAN RODRIGUEZ GOMEZ
PARTIDO CONSERVADOR COLOMBIANO,MARTHA JUDITH ARIAS VARGAS
PARTIDO CONSERVADOR COLOMBIANO,JOSE MANUEL ROMERO LAGO
PARTIDO CONSERVADOR COLOMBIANO,SWIGGY NUGETH ESPITIA YABRUDY
PARTIDO CONSERVADOR COLOMBIANO,OSCAR MAURICIO GIRALDO HERNANDEZ
PARTIDO CONSERVADOR COLOMBIANO,FLOR ELIZABETH CALLE ORTIZ
PARTIDO CONSERVADOR COLOMBIANO,CECILIA ARISTIZABAL MORA
PARTIDO CONSERVADOR COLOMBIANO,SHADEA CAROLINA MALAVER CACERES
PARTIDO CENTRO DEMOCRÁTICO,ANDRES EDUARDO FORERO MOLINA
PARTIDO CENTRO DEMOCRÁTICO,RAFAEL NIETO LOAIZA
PARTIDO CENTRO DEMOCRÁTICO,CLAUDIA MARGARITA ZULETA MURGAS
PARTIDO CENTRO DEMOCRÁTICO,HERNAN DARIO CADAVID MARQUEZ
PARTIDO CENTRO DEMOCRÁTICO,JULIA CORREA NUTTIN
PARTIDO CENTRO DEMOCRÁTICO,CARLOS MANUEL MEISEL VERGARA
PARTIDO CENTRO DEMOCRÁTICO,CHRISTIAN MUNIR GARCES ALJURE
PARTIDO CENTRO DEMOCRÁTICO,MARIA CLARA POSADA CAICEDO
PARTIDO CENTRO DEMOCRÁTICO,HONORIO MIGUEL HENRIQUEZ PINEDO
PARTIDO CENTRO DEMOCRÁTICO,JOSUE ALIRIO BARRERA RODRIGUEZ
PARTIDO CENTRO DEMOCRÁTICO,ESTEBAN QUINTERO CARDONA
PARTIDO CENTRO DEMOCRÁTICO,ENRIQUE CABRALES BAQUERO
PARTIDO CENTRO DEMOCRÁTICO,OSCAR LEONARDO VILLAMIZAR MENESES
PARTIDO CENTRO DEMOCRÁTICO,JUAN FERNANDO ESPINAL RAMIREZ
PARTIDO CENTRO DEMOCRÁTICO,MARIA ANGELICA GUERRA LOPEZ
PARTIDO CENTRO DEMOCRÁTICO,JUAN FERNANDO CAICEDO CALLEJAS
PARTIDO CENTRO DEMOCRÁTICO,ZANDRA MARIA BERNAL RINCON
PARTIDO CENTRO DEMOCRÁTICO,LIZETH ANDREA REINA BULLA
PARTIDO CENTRO DEMOCRÁTICO,JOSE VICENTE CARREÑO CASTRO
PARTIDO CENTRO DEMOCRÁTICO,MARELEN CASTILLO TORRES
PARTIDO CENTRO DEMOCRÁTICO,MARIA CAROLINA RESTREPO CAÑAVERA
PARTIDO CENTRO DEMOCRÁTICO,ESTEFANIA COLMENARES HERNANDEZ
PARTIDO CENTRO DEMOCRÁTICO,LUCIA MARIA AMALIA SALGADO ROMERO
PARTIDO CENTRO DEMOCRÁTICO,CAMILO GAVIRIA GUTIERREZ
PARTIDO CENTRO DEMOCRÁTICO,ALVARO URIBE VELEZ
PARTIDO CENTRO DEMOCRÁTICO,JORGE ALBERTO CORTES ALVAREZ
PARTIDO CENTRO DEMOCRÁTICO,RAUL MUSSE PENCUE
PARTIDO CENTRO DEMOCRÁTICO,MARCO ANTONIO VELILLA MORENO
PARTIDO CENTRO DEMOCRÁTICO,OLMES DE JESUS ECHEVERRIA DE LA ROSA
PARTIDO CENTRO DEMOCRÁTICO,LEIDY LORENA CORTES SALCEDO
PARTIDO CENTRO DEMOCRÁTICO,CARLOS ANDRES TORO CASTAÑO
PARTIDO CENTRO DEMOCRÁTICO,HUGO FERNEY BOLAÑOS
PARTIDO CENTRO DEMOCRÁTICO,JAIME ALEJANDRO AMIN HERNANDEZ
PARTIDO CENTRO DEMOCRÁTICO,CESAR DAVID WILCHES FONSECA
PARTIDO CENTRO DEMOCRÁTICO,ELKIN ALFREDO GAITAN GOMEZ
PARTIDO CENTRO DEMOCRÁTICO,PEDRO SOTO
PARTIDO CENTRO DEMOCRÁTICO,MARIO HERNANDEZ ZAMBRANO
PARTIDO CENTRO DEMOCRÁTICO,OLGA PATRICIA MIRANDA GOMEZ
PARTIDO CENTRO DEMOCRÁTICO,MARIA GISELA MANRIQUE BORRERO
PARTIDO CENTRO DEMOCRÁTICO,OMAR FERNANDO VALDERRAMA BAEZ
PARTIDO CENTRO DEMOCRÁTICO,DAISY CRISTINA MARTINEZ LOPEZ
PARTIDO CENTRO DEMOCRÁTICO,MIGUEL DAVID PERDOMO DURAN
PARTIDO CENTRO DEMOCRÁTICO,JOSE NEMESIO MOSQUERA IBARGUEN
PARTIDO CENTRO DEMOCRÁTICO,RODRIGO BENAVIDES BUCHELI
PARTIDO CENTRO DEMOCRÁTICO,JORGE ARMANDO CORTES CABRERA
PARTIDO CENTRO DEMOCRÁTICO,LUZ MARY SALGADO RODRIGUEZ
PARTIDO CENTRO DEMOCRÁTICO,LUZ MARINA DUARTE ARENAS
PARTIDO CENTRO DEMOCRÁTICO,CAROLINA ESCAMILLA PACHECO
PARTIDO CENTRO DEMOCRÁTICO,RODRIGO ALBERTO MEJIA ARANGO
PARTIDO CENTRO DEMOCRÁTICO,CARLOS FERNANDO VARGAS ROJAS
PARTIDO CENTRO DEMOCRÁTICO,JORGE LUIS RAMON HOYOS USTA
PARTIDO CENTRO DEMOCRÁTICO,JONATAN TAMAYO PEREZ
PARTIDO CENTRO DEMOCRÁTICO,NASLY LEIDY MARTIN GARCIA
PARTIDO CENTRO DEMOCRÁTICO,MAURICIO RUBIANO BELLO
PARTIDO CENTRO DEMOCRÁTICO,MARIA LUCY BAUTISTA SALAMANCA
PARTIDO CENTRO DEMOCRÁTICO,JOHN JAIRO LOPEZ BENITEZ
PARTIDO CENTRO DEMOCRÁTICO,MARY ALEJANDRA FANDIÑO BRAVO
PARTIDO CENTRO DEMOCRÁTICO,CAMILO DE BEDOUT HERRERA
PARTIDO CENTRO DEMOCRÁTICO,DIEGO ANDRES MOLANO APONTE
PARTIDO CENTRO DEMOCRÁTICO,CIDENIA ROVIRA ROJAS
PARTIDO CENTRO DEMOCRÁTICO,MANUEL JOSE DE LA ROSA MANOTAS
PARTIDO CENTRO DEMOCRÁTICO,LAURA VIVIANA VACA PERILLA
PARTIDO CENTRO DEMOCRÁTICO,MARTHA ELENA PINTO DE HART
PARTIDO CENTRO DEMOCRÁTICO,ALBERTO DE JESUS MONTOYA PUYANA
PARTIDO LIBERAL COLOMBIANO,LIDIO ARTURO GARCIA TURBAY
PARTIDO LIBERAL COLOMBIANO,FABIO RAUL AMIN SALEME
PARTIDO LIBERAL COLOMBIANO,YESSID ENRIQUE PULGAR DAZA
PARTIDO LIBERAL COLOMBIANO,ALVARO HENRY MONEDERO RIVERA
PARTIDO LIBERAL COLOMBIANO,OSCAR HERNAN SANCHEZ LEON
PARTIDO LIBERAL COLOMBIANO,ALEJANDRO CARLOS CHACON CAMARGO
PARTIDO LIBERAL COLOMBIANO,LAURA ESTER FORTICH SANCHEZ
PARTIDO LIBERAL COLOMBIANO,GERSSON VARGAS VALDELEON
PARTIDO LIBERAL COLOMBIANO,MARIA EUGENIA LOPERA MONSALVE
PARTIDO LIBERAL COLOMBIANO,MARIA PAZ GAVIRIA MUÑOZ
PARTIDO LIBERAL COLOMBIANO,CAMILO ANDRES TORRES VILLALBA
PARTIDO LIBERAL COLOMBIANO,HECTOR OLIMPO ESPINOSA OLIVER
PARTIDO LIBERAL COLOMBIANO,ALIX YIRLEY VARGAS TORRADO
PARTIDO LIBERAL COLOMBIANO,ALEJANDRO ALBERTO VEGA PEREZ
PARTIDO LIBERAL COLOMBIANO,DAYANA MARISTEL SERRANO TORRES
PARTIDO LIBERAL COLOMBIANO,HORACIO JOSE SERPA MONCADA
PARTIDO LIBERAL COLOMBIANO,RICHARD ALFONSO AGUILAR VILLA
PARTIDO LIBERAL COLOMBIANO,JUANITA DE LOS ANGELES ARIZA GUZMAN
PARTIDO LIBERAL COLOMBIANO,SANTIAGO MONTOYA MONTOYA
PARTIDO LIBERAL COLOMBIANO,JELITZA FERNANDA RESTREPO AVILA
PARTIDO LIBERAL COLOMBIANO,JAIME ENRIQUE DURAN BARRERA
PARTIDO LIBERAL COLOMBIANO,CAMILO BORRERO MARTINEZ
PARTIDO LIBERAL COLOMBIANO,LEONARDO DE JESUS GALLEGO ARROYAVE
PARTIDO LIBERAL COLOMBIANO,LEYDI MILENA JIMENEZ CARRILLO
PARTIDO LIBERAL COLOMBIANO,DIEGO PATIÑO AMARILES
PARTIDO LIBERAL COLOMBIANO,GLORIA ELENA MESA CEBALLOS
PARTIDO LIBERAL COLOMBIANO,JACQUELIN QUESADA MONTIEL
PARTIDO LIBERAL COLOMBIANO,JUAN CARLOS LOZADA VARGAS
PARTIDO LIBERAL COLOMBIANO,DANIEL GEOVANY NEIRA RIOS
PARTIDO LIBERAL COLOMBIANO,ERWIN JESUS LECHUGA HEREDIA
PARTIDO LIBERAL COLOMBIANO,NATALY ANDREA CASTIBLANCO PACHECO
PARTIDO LIBERAL COLOMBIANO,JENNY PAOLA GARCIA MACIAS
PARTIDO LIBERAL COLOMBIANO,AURA VANESSA AGUILAR MORENO
PARTIDO LIBERAL COLOMBIANO,ANA ISABEL URANGO SOTELO
PARTIDO LIBERAL COLOMBIANO,EUGENIA SERRANO PRADA
PARTIDO LIBERAL COLOMBIANO,EDUARDO JESUS SANCHEZ GIRALDO
PARTIDO LIBERAL COLOMBIANO,KELY JOHANA SERRANO DUARTE
PARTIDO LIBERAL COLOMBIANO,ANGIE MALLERLINE MEDINA ROJAS
PARTIDO LIBERAL COLOMBIANO,LUZ ALBA DIOSA SILVA
PARTIDO LIBERAL COLOMBIANO,DIANA VANESSA RINCON VERGEL
PARTIDO LIBERAL COLOMBIANO,JOSE DOMINGO CASTILLO TORRES
PARTIDO LIBERAL COLOMBIANO,EDGAR JOSE RUIZ DORANTES
PARTIDO LIBERAL COLOMBIANO,CESAR AUGUSTO LOPEZ MORALES
PARTIDO LIBERAL COLOMBIANO,MARIANA AYALA PONTE
PARTIDO LIBERAL COLOMBIANO,CARLOS ANDRES DIAZ RAMIREZ
PARTIDO LIBERAL COLOMBIANO,YURANY QUIROGA CRUZ
PARTIDO LIBERAL COLOMBIANO,CARIN ASTRID LESMES SAAVEDRA
PARTIDO LIBERAL COLOMBIANO,CLAUDIA PATRICIA ROJAS RAMIREZ
PARTIDO LIBERAL COLOMBIANO,MARIA CRISTINA CUBILLOS CHAVES
PARTIDO LIBERAL COLOMBIANO,AIDA TERESA GARNICA CASTILLO
PARTIDO LIBERAL COLOMBIANO,CARLOS ALBERTO CORREDOR ANGULO
PARTIDO LIBERAL COLOMBIANO,BLANCA LUZ ESTRADA ALDANA
PARTIDO LIBERAL COLOMBIANO,JUAN GUILLERMO CANO URIBE
PARTIDO LIBERAL COLOMBIANO,LUIS FERNANDO REYES ALFARO
PARTIDO LIBERAL COLOMBIANO,JAMES STEVE CANIZALES SERRANO
PARTIDO LIBERAL COLOMBIANO,SANDRA MARTINEZ LEGUIZAMON
PARTIDO LIBERAL COLOMBIANO,JOSE JAMES OSPINA MURILLO
PARTIDO LIBERAL COLOMBIANO,JESSICA DAYAN SUAREZ RUBIANO
PARTIDO LIBERAL COLOMBIANO,ANDRES CAMILO CASTRO MURCIA
PARTIDO LIBERAL COLOMBIANO,MARIO ANDRES GALAN GALAN
PARTIDO LIBERAL COLOMBIANO,SILVIA PATRICIA BARRIOS CARREÑO
PARTIDO LIBERAL COLOMBIANO,LUIS CEPEDA CIFUENTES
PARTIDO LIBERAL COLOMBIANO,CRISTINA DEL ROSARIO CABRERA MENDEZ
PARTIDO LIBERAL COLOMBIANO,RODRIGO VARGAS VIVAS
PARTIDO LIBERAL COLOMBIANO,GERMAN CASTRO VEGA
PARTIDO LIBERAL COLOMBIANO,JORGE ALBERTO DE LA ESPRIELLA ARGUMEDO
PARTIDO LIBERAL COLOMBIANO,JOSE ORLANDO SANCHEZ TORRES
PARTIDO LIBERAL COLOMBIANO,JOSE NURBY DUCUARA GOMEZ
PARTIDO LIBERAL COLOMBIANO,ZENON ANGULO ANGULO
PARTIDO LIBERAL COLOMBIANO,SANDRA MILENA GUTIERREZ PRADA
PARTIDO LIBERAL COLOMBIANO,EDILMA CASTAÑEDA PINEDA
PARTIDO LIBERAL COLOMBIANO,LUIS ALBERTO MORENO VALENZUELA
PARTIDO LIBERAL COLOMBIANO,RAMON RICARDO MARTINEZ MARTINEZ
PARTIDO LIBERAL COLOMBIANO,NINA MAYERLY GOMEZ GUERRERO
PARTIDO LIBERAL COLOMBIANO,CAMILO HUMBERTO OLANO ORTIZ
PARTIDO LIBERAL COLOMBIANO,ANA CECILIA VARGAS FORERO
PARTIDO LIBERAL COLOMBIANO,YESSICA PAOLA JUNCO RAYO
PARTIDO LIBERAL COLOMBIANO,PLUBIO GUDBERTO NIÑO NIÑO
PARTIDO LIBERAL COLOMBIANO,BEATRIZ ELENA YEPES GOMEZ
PARTIDO LIBERAL COLOMBIANO,EDILSA DEL SOCORRO TORRES OSORIO
PARTIDO LIBERAL COLOMBIANO,LUZ MARINA ROMERO MOTTA
PARTIDO LIBERAL COLOMBIANO,EDITH ANDREA MARTINEZ TOVAR
PARTIDO LIBERAL COLOMBIANO,CINDY VANESSA RIVAS MORENO
PARTIDO LIBERAL COLOMBIANO,DIANA MARCELA MAYA AGUDELO
PARTIDO LIBERAL COLOMBIANO,ANA FLOR ALBA VILLAMIL OSMA
PARTIDO LIBERAL COLOMBIANO,DANIEL ARMANDO CHICAIZA COSME
PARTIDO LIBERAL COLOMBIANO,MARYOLISABIN ZAMBRANO CAMACHO
PARTIDO LIBERAL COLOMBIANO,KAREN ANDREA MORENO RAMIREZ
PARTIDO LIBERAL COLOMBIANO,ADRIANA MILENA SANCHEZ VASQUEZ
PARTIDO LIBERAL COLOMBIANO,ALEIDA GONZALEZ HINCAPIE
PARTIDO LIBERAL COLOMBIANO,MARTHA MARIN SUAREZ
PARTIDO LIBERAL COLOMBIANO,MARYI ALEJANDRA RODRIGUEZ FONSECA
PARTIDO LIBERAL COLOMBIANO,ANA ELVIA FELIX FUQUEN
PARTIDO LIBERAL COLOMBIANO,BLANCA GLADIS BERNAL ESCOBAR
PARTIDO LIBERAL COLOMBIANO,ANA MARCELA LUCERO MOLINA
PARTIDO LIBERAL COLOMBIANO,ROSALBINA VALENCIA GRACIANO
PARTIDO LIBERAL COLOMBIANO,ALVARO SANTIAGO PEREZ BUITRAGO
PARTIDO LIBERAL COLOMBIANO,JEDSENIA AMARIZ PACHECO
PARTIDO LIBERAL COLOMBIANO,VALENTINA CORREA RESTREPO
PARTIDO LIBERAL COLOMBIANO,SEBASTIAN TRUJILLO OSORIO
ALIANZA POR COLOMBIA,JOHN EDICKSON AMAYA RODRIGUEZ
ALIANZA POR COLOMBIA,GUSTAVO ADOLFO MORENO HURTADO
ALIANZA POR COLOMBIA,ANTONIO LUIS ZABARAIN LOPEZ
ALIANZA POR COLOMBIA,JONATHAN FERNEY PULIDO HERNANDEZ
ALIANZA POR COLOMBIA,DUVALIER SANCHEZ ARANGO
ALIANZA POR COLOMBIA,JUAN CARLOS BOCANEGRA CHACON
ALIANZA POR COLOMBIA,ARIEL FERNANDO AVILA MARTINEZ
ALIANZA POR COLOMBIA,JOSE GUTEMBERG MACEA GOMEZ
ALIANZA POR COLOMBIA,JORGE DAVID PASTRANA SAGRE
ALIANZA POR COLOMBIA,LUVI KATHERINE MIRANDA PEÑA
ALIANZA POR COLOMBIA,OLGA LUCIA VELASQUEZ NIETO
ALIANZA POR COLOMBIA,EYDER MANUEL BENAVIDES AGUAS
ALIANZA POR COLOMBIA,LUIS EDUARDO GARZON
ALIANZA POR COLOMBIA,ANDREA PADILLA VILLARRAGA
ALIANZA POR COLOMBIA,ANGELICA LISBETH LOZANO CORREA
ALIANZA POR COLOMBIA,LUIS CARLOS RUA SANCHEZ
ALIANZA POR COLOMBIA,GISSELA PALACIOS MOSQUERA
ALIANZA POR COLOMBIA,JUAN RACHIF CABARCAS RAHMAN
ALIANZA POR COLOMBIA,EDWING FABIAN DIAZ PLATA
ALIANZA POR COLOMBIA,CARLOS EDUARDO ENRIQUEZ CAICEDO
ALIANZA POR COLOMBIA,VICTOR ALFONSO BECERRA SALAZAR
ALIANZA POR COLOMBIA,LUIS ALFONSO MEJIA NUÑEZ
ALIANZA POR COLOMBIA,CARLOS JOSE NAVARRO ORTEGA
ALIANZA POR COLOMBIA,LEON FREDY MUÑOZ LOPERA
ALIANZA POR COLOMBIA,FREDYS MANUEL SAAH ARROYO
ALIANZA POR COLOMBIA,JAIRO ALBERTO CASTELLANOS SERRANO
ALIANZA POR COLOMBIA,MOISES ILDEFONSO CETRE CASTILLO
ALIANZA POR COLOMBIA,JUAN CARLOS MUÑOZ DIAZ
ALIANZA POR COLOMBIA,MONICA MARCELA BEJARANO VARON
ALIANZA POR COLOMBIA,LUIS MIGUEL GOMEZ COTES
ALIANZA POR COLOMBIA,RUTH ANGELICA MENA FIGUEROA
ALIANZA POR COLOMBIA,CRISTIAN DANILO AVENDAÑO FINO
ALIANZA POR COLOMBIA,JUAN MANUEL CORTES DUEÑAS
ALIANZA POR COLOMBIA,INTI RAUL ASPRILLA REYES
ALIANZA POR COLOMBIA,WILLIAM JOSE MARTINEZ SEJIN
ALIANZA POR COLOMBIA,ARLEY FERNANDO GOMEZ HERNANDEZ
ALIANZA POR COLOMBIA,LINA MARIA MONTAÑEZ CRUZ
ALIANZA POR COLOMBIA,ONE VILLARRUEL RINCON
ALIANZA POR COLOMBIA,DANIELA PAOLA QUITO VELASCO
ALIANZA POR COLOMBIA,OSCAR IVAN PALACIO TAMAYO
ALIANZA POR COLOMBIA,MILA MARIA PAZ CAMPAZ
ALIANZA POR COLOMBIA,SANTIAGO EFRAIN JORY SALAZAR
ALIANZA POR COLOMBIA,MANUEL ANTONIO GARCES GRANJA
ALIANZA POR COLOMBIA,ANDRES SANTIAGO LEON PINEDA
ALIANZA POR COLOMBIA,AYDA LUCIA GOMEZ URREGO
ALIANZA POR COLOMBIA,JOHANNA ASTRID ZORRO VARGAS
ALIANZA POR COLOMBIA,SOR BERENICE BEDOYA PEREZ
ALIANZA POR COLOMBIA,NESTOR DANIEL GARCIA COLORADO
ALIANZA POR COLOMBIA,JORGE LUIS ADECHINY HERNANDEZ
ALIANZA POR COLOMBIA,DERLY ALEJANDRA HERNANDEZ LUENGAS
ALIANZA POR COLOMBIA,DALIA FERNANDA PINEDA AGUASACO
ALIANZA POR COLOMBIA,PABLO ANTONIO TORRES RINCON
ALIANZA POR COLOMBIA,EUCLIDES RAFAEL ALSINA GRANADOS
ALIANZA POR COLOMBIA,DIVINA LUZ OBREDOR LUNA
ALIANZA POR COLOMBIA,CRISTIAN ADOLFO RIVAS DIAZ
ALIANZA POR COLOMBIA,CARLOS ALBERTO SUAREZ ALVAREZ
ALIANZA POR COLOMBIA,ALVARO HERNANDO VACA BELTRAN
ALIANZA POR COLOMBIA,JONATHAN ALEXANDER OSORIO CHACON
ALIANZA POR COLOMBIA,MARIO ENRIQUE IBAÑEZ RAMIREZ
ALIANZA POR COLOMBIA,BLEYDI ROMERO RODRIGUEZ
ALIANZA POR COLOMBIA,BRAYAN MONTOYA TOVAR
ALIANZA POR COLOMBIA,MARIO ANDRES CARCAMO ANGULO
ALIANZA POR COLOMBIA,SEBASTIAN ROMERO RESTREPO
ALIANZA POR COLOMBIA,MARLY YANETH ORJUELA PEÑALOZA
ALIANZA POR COLOMBIA,ALAN JESUS EDMUNDO JARA URZOLA
ALIANZA POR COLOMBIA,MIGUEL ANDRES FORERO BOLIVAR
ALIANZA POR COLOMBIA,WILDER IBERSON ESCOBAR ORTIZ
ALIANZA POR COLOMBIA,SANTIAGO BERNARDO MUÑOZ DIAZ
ALIANZA POR COLOMBIA,OSCAR MANUEL LOPEZ JARAMILLO
ALIANZA POR COLOMBIA,MARTHA LUCIA TORRES ORJUELA
ALIANZA POR COLOMBIA,AUGUSTO RICARDO MORENO CEPEDA
ALIANZA POR COLOMBIA,NODIER MONTOYA ROMERO
ALIANZA POR COLOMBIA,LUZ DARY VALLECILLA GARCIA
ALIANZA POR COLOMBIA,JOSE ALBEIRO CARDENAS LOPEZ
ALIANZA POR COLOMBIA,WENDY ALEXANDRA TRUJILLO RAMIREZ
ALIANZA POR COLOMBIA,PATRICIA VALENZUELA BUITRAGO
ALIANZA POR COLOMBIA,DUBET ANTONIO MUÑOZ BEDOYA
ALIANZA POR COLOMBIA,JULIETH XIMENA HURTADO PINILLA
ALIANZA POR COLOMBIA,ANA ELIZABETH SANDOVAL MOJICA
ALIANZA POR COLOMBIA,ALMA JULIANA CRISTANCHO ACEVEDO
ALIANZA POR COLOMBIA,ERIKA JANNETH CAMACHO BARRIOS
ALIANZA POR COLOMBIA,MARIA ADELAIDA GARAVITO VELASQUEZ
ALIANZA POR COLOMBIA,JOSE DEL CARMEN ABRIL ABRIL
ALIANZA POR COLOMBIA,HERNAN CASTELLANOS FORIGUA
ALIANZA POR COLOMBIA,CARLOS ANDRES OVALLE MORA
ALIANZA POR COLOMBIA,FREDY JAVIER JIMENEZ ZARATE
ALIANZA POR COLOMBIA,HERMAN LOZANO BAEZ
ALIANZA POR COLOMBIA,FRANKLIN BARBOSA BERMUDEZ
ALIANZA POR COLOMBIA,GERVASIO GARCES MORENO
ALIANZA POR COLOMBIA,DANIEL FERNANDO RUBIO MARQUEZ
ALIANZA POR COLOMBIA,NATALIE PINO GONZALEZ
ALIANZA POR COLOMBIA,MARIA DEL CARMEN CLAVIJO GOMEZ
ALIANZA POR COLOMBIA,GIZETTE MOSQUERA MOSQUERA
ALIANZA POR COLOMBIA,JUAN DAVID GOMEZ CAMACHO
ALIANZA POR COLOMBIA,MARCELA PATRICIA MARTINEZ PORTILLA
ALIANZA POR COLOMBIA,JOSE ERNESTO GUEVARA
FRENTE AMPLIO UNITARIO,KATIA MILENA OSPINO ACEVEDO
FRENTE AMPLIO UNITARIO,OLGA MILENA FLOREZ SIERRA
FRENTE AMPLIO UNITARIO,ALEJO VERGEL AREVALO
FRENTE AMPLIO UNITARIO,MARY LUZ HERRAN CARDENAS
FRENTE AMPLIO UNITARIO,DAVID BALLEN HERNANDEZ
FRENTE AMPLIO UNITARIO,MARTHA ROCIO ALFONSO BERNAL
FRENTE AMPLIO UNITARIO,ARIEL ROSEBEL PALACIOS ANGULO
FRENTE AMPLIO UNITARIO,NILSON ANTONIO LIZ MARIN
FRENTE AMPLIO UNITARIO,DOMINGO JOSE AYALA ESPITIA
FRENTE AMPLIO UNITARIO,DANIS ANTONIO RENTERIA CHALA
FRENTE AMPLIO UNITARIO,EDGAR ALFONSO GOMEZ ROMAN
FRENTE AMPLIO UNITARIO,VICTOR HUGO GOLU MONTENEGRO
FRENTE AMPLIO UNITARIO,JOHN JAIRO CORREA RODRIGUEZ
FRENTE AMPLIO UNITARIO,RAFAEL DAVID CUELLO RAMIREZ
FRENTE AMPLIO UNITARIO,LUIS CARLOS LEAL ANGARITA
FRENTE AMPLIO UNITARIO,WILLIAN FERNEY ALJURE MARTINEZ
FRENTE AMPLIO UNITARIO,GUSTAVO GARCIA FIGUEROA
FRENTE AMPLIO UNITARIO,FABIO ARIAS GIRALDO
FRENTE AMPLIO UNITARIO,ANGELICA MARIA MONSALVE GAVIRIA
FRENTE AMPLIO UNITARIO,CARLOS ENRIQUE RIVAS SEGURA
FRENTE AMPLIO UNITARIO,LEONIDAS NAME GOMEZ
FRENTE AMPLIO UNITARIO,GIOVANNI VARELA ALBA
FRENTE AMPLIO UNITARIO,ANGEL MIRO GARCIA
FRENTE AMPLIO UNITARIO,MAXIMO JOSE NORIEGA RODRIGUEZ
FRENTE AMPLIO UNITARIO,WILDER RENE CASTIBLANCO MANDON
FRENTE AMPLIO UNITARIO,RENE LEONARDO PUENTES VARGAS
FRENTE AMPLIO UNITARIO,BAYRON EDILSON FLOREZ PORTILLA
FRENTE AMPLIO UNITARIO,CATALINA BELEN BENAVIDES CORREA
FRENTE AMPLIO UNITARIO,NATALIA SORAYA GIRALDO VALLEJO
FRENTE AMPLIO UNITARIO,ANA ELISA IRAGORRI CASTRO
FRENTE AMPLIO UNITARIO,JAIME ARMANDO DOMINGUEZ ARZAYUS
FRENTE AMPLIO UNITARIO,JAIME HERNAN GETIAL IPAZ
FRENTE AMPLIO UNITARIO,ARTURO PALACIOS ORTEGA
FRENTE AMPLIO UNITARIO,JUAN DAVID DUQUE GARCIA
FRENTE AMPLIO UNITARIO,GUILLERMO ANTONIO CARDONA MORENO
FRENTE AMPLIO UNITARIO,ALEJANDRO DE LIMA BOHMER
FRENTE AMPLIO UNITARIO,HERNANDO NIÑO RIVERA
FRENTE AMPLIO UNITARIO,EBERTO ENRIQUE DIAZ MONTES
FRENTE AMPLIO UNITARIO,HECTOR JAVIER GALINDO MORENO
FRENTE AMPLIO UNITARIO,FREDY JULIAN CORTES URQUIJO
FRENTE AMPLIO UNITARIO,JOSE ALBEIRO VERGARA GUTIERREZ
FRENTE AMPLIO UNITARIO,DORA LUQUERNA REYES
FRENTE AMPLIO UNITARIO,SAMUEL ARTURO ROMERO SANMIGUEL
FRENTE AMPLIO UNITARIO,LUIS FERNANDO MUÑOZ LUJAN
FRENTE AMPLIO UNITARIO,ROSA DELIA CASTILLO SANCHEZ
FRENTE AMPLIO UNITARIO,JAIME ANDRES GONZALEZ VEGA
FRENTE AMPLIO UNITARIO,DIANA PATRICIA CARRASQUILLA DENIS
FRENTE AMPLIO UNITARIO,ARMANDO PEREZ ARAUJO
FRENTE AMPLIO UNITARIO,MARTHA ESTELLA DURANTE ALZATE
FRENTE AMPLIO UNITARIO,ELBERT IVAN DUQUE GUERRERO
FRENTE AMPLIO UNITARIO,HECTOR FABIO LOAIZA CAICEDO
FRENTE AMPLIO UNITARIO,MAURICIO ANDRES VELEZ BEDOYA
FRENTE AMPLIO UNITARIO,BLANCA LILIA HERRERA REINA
FRENTE AMPLIO UNITARIO,MARIA CONSUELO BARROSO PINTO
FRENTE AMPLIO UNITARIO,RAIZA DANIELA ARDILA CHAPARRO
FRENTE AMPLIO UNITARIO,GUSTAVO ADOLFO SANABRIA REY
FRENTE AMPLIO UNITARIO,GORKY MUÑOZ CALDERON
FRENTE AMPLIO UNITARIO,RUTH ALEXANDRA ARDILA DE LAS SALAS
FRENTE AMPLIO UNITARIO,PEDRO JAIR SANCHEZ TELLEZ
FRENTE AMPLIO UNITARIO,MARTHA YANET CARDENAS ORTIZ
FRENTE AMPLIO UNITARIO,MARIO DE JESUS ORTIZ BAÑOL
FRENTE AMPLIO UNITARIO,FARITH CASTRO QUINTERO
FRENTE AMPLIO UNITARIO,JONATHAN EDUARDO GAITAN SERRANO
FRENTE AMPLIO UNITARIO,WILLIAM BARRETO MENDEZ
FRENTE AMPLIO UNITARIO,JERITZA MERCHAN DIAZ
FRENTE AMPLIO UNITARIO,LUZ ISMELDA AREVALO QUIROGA
FRENTE AMPLIO UNITARIO,ANA CRISTINA MUÑOZ
FRENTE AMPLIO UNITARIO,JENY JOHANA MESA SUAREZ
FRENTE AMPLIO UNITARIO,LUIS ENRIQUE PERDOMO CUBIDES
FRENTE AMPLIO UNITARIO,STELLA ROSAS SILVA
FRENTE AMPLIO UNITARIO,JAMES RICHARD WIEDMAN AMAYA
FRENTE AMPLIO UNITARIO,EDILSON HUERFANO ORDOÑEZ
FRENTE AMPLIO UNITARIO,MIGUEL ALARCON BLANCO
FRENTE AMPLIO UNITARIO,RONALD TENORIO FRANCO
FRENTE AMPLIO UNITARIO,YESSICA MARCELA CABEZA DEL TORO
FRENTE AMPLIO UNITARIO,MARIA ISABEL CORDOBA PANESSO
FRENTE AMPLIO UNITARIO,JORGE ALBERTO ROMERO CARDENAS
FRENTE AMPLIO UNITARIO,ELIANA ROCIO ALVARADO CAMPOS
FRENTE AMPLIO UNITARIO,ANA ROSA PINTO AFANADOR
FRENTE AMPLIO UNITARIO,OSWALDO VELASCO DAZA
FRENTE AMPLIO UNITARIO,MONICA RESTREPO RAMOS
FRENTE AMPLIO UNITARIO,MARTA LILIANA RODAS CANO
FRENTE AMPLIO UNITARIO,CRISTIAN JAVIER HERNANDEZ PEREZ
FRENTE AMPLIO UNITARIO,JOSE ANTONIO JIMENEZ VILLARRAGA
FRENTE AMPLIO UNITARIO,CARLOS HERNANDO RODRIGUEZ BALLESTEROS
FRENTE AMPLIO UNITARIO,ELSY MARIA MARMOLEJO GARCIA
FRENTE AMPLIO UNITARIO,JENNIFER SERNA VANEGAS
FRENTE AMPLIO UNITARIO,CESAR HUGO CUEVAS QUINTERO
FRENTE AMPLIO UNITARIO,GILBERTO CEDANO VILLABON
FRENTE AMPLIO UNITARIO,URIAS VELASQUEZ OSPINA
FRENTE AMPLIO UNITARIO,TERESA JULITH SIMAHAN VALDERRAMA
FRENTE AMPLIO UNITARIO,GUSTAVO ADOLFO CASTILLO VALENCIA
FRENTE AMPLIO UNITARIO,EDERSON NIÑO NAVARRO
FRENTE AMPLIO UNITARIO,CARLOS ANDRES RIVERA CASTILLO
FRENTE AMPLIO UNITARIO,FABIO VESGA GUZMAN
AHORA COLOMBIA,MANUEL ANTONIO VIRGUEZ PIRAQUIVE
AHORA COLOMBIA,GLORIA ELSY DIAZ MARTINEZ
AHORA COLOMBIA,RAWDY REALES ROIS
AHORA COLOMBIA,JORGE ENRIQUE ROBLEDO CASTILLO
AHORA COLOMBIA,OSCAR DAVID GALAN ESCALANTE
AHORA COLOMBIA,PEDRO JOANES LEYVA RIZZO
AHORA COLOMBIA,CARLOS EDUARDO GUEVARA VILLABON
AHORA COLOMBIA,CHARLES FIGUEROA LOPERA
AHORA COLOMBIA,JUAN SEBASTIAN GOMEZ GONZALES
AHORA COLOMBIA,ANA PAOLA AGUDELO GARCIA
AHORA COLOMBIA,JUAN JAVIER BAENA MERLANO
AHORA COLOMBIA,JENNIFER DALLEY PEDRAZA SANDOVAL
AHORA COLOMBIA,WILSON COLLAZOS DIAZ
AHORA COLOMBIA,RICARDO JOSE DIAZGRANADOS DEL CASTILLO
AHORA COLOMBIA,JORGE HERNANDO LOZANO LARA
AHORA COLOMBIA,FEDERICO JOSE RESTREPO POSADA
AHORA COLOMBIA,HERNANDO ENRIQUE DANIEL GOMEZ GAVIRIA
AHORA COLOMBIA,HUGO ALEJANDRO VASQUEZ VARGAS
AHORA COLOMBIA,CARLOS ALBERTO OSORIO CALDERON
AHORA COLOMBIA,JUAN FERNANDO REYES KURI
AHORA COLOMBIA,SANDRA STELLA FONSECA ARENAS
AHORA COLOMBIA,CARLOS ARTURO LOPEZ RIOS
AHORA COLOMBIA,ARNALDO HOYOS TRIBIÑO
AHORA COLOMBIA,NASLY ROCIO RESTAN COGOLLO
AHORA COLOMBIA,EDWIN YOBANY VIVAS PEREZ
AHORA COLOMBIA,ALEXANDER TORRES RAMIREZ
AHORA COLOMBIA,MARIA LUCIA VILLALBA GOMEZ
AHORA COLOMBIA,HAROLD DE JESUS MAESTRE MERCADO
AHORA COLOMBIA,PABLO ANTONIO BUSTOS SANCHEZ
AHORA COLOMBIA,YUDY ANDREA JARAMILLO AREIZA
AHORA COLOMBIA,ALMA NEDIS TOBIO IBARRA
AHORA COLOMBIA,MIREYA RAMIREZ PULIDO
AHORA COLOMBIA,JOHN JAIRO CRISTANCHO PARRA
AHORA COLOMBIA,LUIS YEFERSON FONSECA ALBARRACIN
AHORA COLOMBIA,JOSE DOMINGO JULIO PRETELT
AHORA COLOMBIA,URIEL RAFAEL AVILA BARRIOS
AHORA COLOMBIA,LUIS ALFREDO ALVAREZ RODRIGUEZ
AHORA COLOMBIA,JUAN BERNARDO SERRANO ARDILA
AHORA COLOMBIA,LINA MARCELA PEÑA ZUBIRIA
AHORA COLOMBIA,JORGE IVAN GOMEZ URREGO
AHORA COLOMBIA,JUAN GABRIEL HURTADO BARAHONA
AHORA COLOMBIA,MARTHA LUCIA LINARES IBARRA
AHORA COLOMBIA,ALEXANDER VEGA RINCON
AHORA COLOMBIA,ALEJANDRO RUBIO SABOGAL
AHORA COLOMBIA,MANUEL HUMBERTO RODRIGUEZ
AHORA COLOMBIA,CLAUDIA CRUZ VALLEJO
AHORA COLOMBIA,PATRICIO DE JESUS GAVIRIA PATIÑO
AHORA COLOMBIA,NELYS MARIA GALLEGO QUIROGA
AHORA COLOMBIA,BERTHALY VIAFARA
AHORA COLOMBIA,OSWALDO BERNAL GONZALEZ
AHORA COLOMBIA,ANASTASIA RUBIO BETANCOURT
AHORA COLOMBIA,EUBLOFIA AZENIT NUÑEZ BURGOS
AHORA COLOMBIA,AMPARO MARIA SERPA ACEVEDO
AHORA COLOMBIA,JOSE FELIX MONTOYA SOTO
AHORA COLOMBIA,YADIRES MARTINEZ RODRIGUEZ
AHORA COLOMBIA,JULIETH PATRICIA CIFUENTES PINZON
AHORA COLOMBIA,ERIKA SUGEY PINZON CARDENAS
AHORA COLOMBIA,MARLENY COLORADO ESTRADA
AHORA COLOMBIA,NUBIA ESTHER COTRINA ROMERO
AHORA COLOMBIA,MARIA MONICA SALGADO GAVIRIA
AHORA COLOMBIA,WUILVER ADRIAN HERNANDEZ PATIÑO
AHORA COLOMBIA,CARLOS ARNULFO JIMENEZ QUINTERO
AHORA COLOMBIA,HEINER DENIS LEAL POLICITIVO
AHORA COLOMBIA,GONZALO CARDENAS MAHECHA
AHORA COLOMBIA,GENI CONSTANZA GRANJA
AHORA COLOMBIA,JABZON LOZANO MOSQUERA
AHORA COLOMBIA,JOHANA KATERINE BOCANEGRA GUTIERREZ
AHORA COLOMBIA,JUAN CARLOS BERNAL PEREZ
AHORA COLOMBIA,OCTAVIO ANDRES YULES RESTREPO
AHORA COLOMBIA,JENNY PATRICIA TAFUR LANCHEROS
AHORA COLOMBIA,YURANNY ANDREA NEIRA RODRIGUEZ
AHORA COLOMBIA,ANDRES MANUEL TORRES VARGAS
AHORA COLOMBIA,AUGUSTO VERNEY FORERO REYES
AHORA COLOMBIA,LEIDY JOHANNA CARMONA CASTILLO
AHORA COLOMBIA,LIDY YAHIR CAMACHO TELLEZ
AHORA COLOMBIA,FLOR ANGELA MORALES RIVERA
AHORA COLOMBIA,MANUEL NAVARRO MANCHEGO
AHORA COLOMBIA,NELLY AMPARO FLOREZ VEGA
AHORA COLOMBIA,FLOR NELSY ALBARRACIN VELANDIA
AHORA COLOMBIA,JUAN SEBASTIAN VALENZUELA OSPINA
AHORA COLOMBIA,ANDRES DANIEL NORIEGA SARMIENTO
AHORA COLOMBIA,JOHANNA ALEXANDRA BAUTISTA MAZUTIER
AHORA COLOMBIA,MARIA ELENA VELEZ OSPINO
AHORA COLOMBIA,LUIS EMILIO FONSECA SANTIAGO
AHORA COLOMBIA,RODRIGO CORTES BORRERO
AHORA COLOMBIA,JALID MUADH JENSSEN PEREZ LOSADA
AHORA COLOMBIA,CRISTOBAL ENRIQUE LOZANO CAICEDO
AHORA COLOMBIA,JORGE IVAN AREVALO PEREZ
AHORA COLOMBIA,JUAN CARLOS NUÑEZ
AHORA COLOMBIA,SERGIO ANTONIO ROJAS AVENDAÑO
AHORA COLOMBIA,LEONARDO LOPEZ MEDINA
AHORA COLOMBIA,EDGAR ERNESTO ROBAYO GUERRERO
AHORA COLOMBIA,CARLOS ALBERTO MORALES DELGADO
AHORA COLOMBIA,CARLOS ANDRES NARANJO SIERRA
AHORA COLOMBIA,CRISTIAN MARINO SAMBONI
AHORA COLOMBIA,JUAN CARLOS CONTRERAS CACERES
AHORA COLOMBIA,ENRIQUE URIBE BOTERO
AHORA COLOMBIA,SANDRA PATRICIA CIFUENTES ORTIZ
AHORA COLOMBIA,BERTILDA DOLORES ALMAZO PUSHAINA
COALICIÓN FUERZA CIUDADANA,NELSON JAVIER ALARCON SUAREZ
COALICIÓN FUERZA CIUDADANA,SANDRA RAMIREZ LOBO SILVA
COALICIÓN FUERZA CIUDADANA,ANIBAL JOSE LLANOS DE LA CRUZ
COALICIÓN FUERZA CIUDADANA,DELLMA GUERRERO FLOREZ
COALICIÓN FUERZA CIUDADANA,GLORIA AMPARO DE LAS MERCEDES GAITAN JARAMILLO
COALICIÓN FUERZA CIUDADANA,LUIS EDUARDO DE LA HOZ LOPEZ
COALICIÓN FUERZA CIUDADANA,MARIO FERNEY HERNANDEZ MORENO
COALICIÓN FUERZA CIUDADANA,ORLANDO NIÑO VILLAMIZAR
COALICIÓN FUERZA CIUDADANA,FRANK ARIEL PETRO MADERA
COALICIÓN FUERZA CIUDADANA,ALEXANDER ANGULO ORDOÑEZ
COALICIÓN FUERZA CIUDADANA,DANIEL EMILIO MENDOZA LEAL
COALICIÓN FUERZA CIUDADANA,ANLENIS ROSA RANGEL VIDES
COALICIÓN FUERZA CIUDADANA,ELIZABET AGUILAR RAMIREZ
COALICIÓN FUERZA CIUDADANA,GINA MARCELA OSUNA OLIVEROS
COALICIÓN FUERZA CIUDADANA,MACEDONIO MENA VALENCIA
COALICIÓN FUERZA CIUDADANA,OCTAVIO LOPEZ SIERRA
COALICIÓN FUERZA CIUDADANA,YALILE QUIÑONEZ OBANDO
COALICIÓN FUERZA CIUDADANA,ROSAURA GUTIERREZ MADRIGAL
COALICIÓN FUERZA CIUDADANA,ROSA CRISTINA MORA VILLARREAL
COALICIÓN FUERZA CIUDADANA,ERIKA QUIÑONEZ CONTRERAS
COALICIÓN FUERZA CIUDADANA,RUBEN DARIO LOZADA BARROS
COALICIÓN FUERZA CIUDADANA,NAGUIB ALEXANDER QUESADA MARTINEZ
COALICIÓN FUERZA CIUDADANA,ROBERTO MAYORGA MAYORGA
COALICIÓN FUERZA CIUDADANA,CARLOS GERMAN DIAZ DIAZ
COALICIÓN FUERZA CIUDADANA,TARSICIO RIVERA MUÑOZ
COALICIÓN FUERZA CIUDADANA,NELSON JOSE FUENTES BALLESTA
COALICIÓN FUERZA CIUDADANA,CRUZ FELIPE MORANTES RINCON
COALICIÓN FUERZA CIUDADANA,LUIS CARLOS RUIZ CHUD
COALICIÓN FUERZA CIUDADANA,ALGEMIRO BASTIDAS MARTINEZ
COALICIÓN FUERZA CIUDADANA,CARLOS HUMBERTO RUIZ RAMIREZ
COALICIÓN FUERZA CIUDADANA,MOISES GUARIN POVEDA
COALICIÓN FUERZA CIUDADANA,EDILBERTO ENRIQUE LICONA BUELVAS
COALICIÓN FUERZA CIUDADANA,HERNANDO ARDILA GONZALEZ
COALICIÓN FUERZA CIUDADANA,JOHANNA CAROLINA CARDENAS PARRA
COALICIÓN FUERZA CIUDADANA,MARIA NELA DIAZ MARTINEZ
COALICIÓN FUERZA CIUDADANA,DAGOBERTO RICO MORALES
COALICIÓN FUERZA CIUDADANA,ROBERTO LUIS VILLEGAS CUELLO
COALICIÓN FUERZA CIUDADANA,FERNANDO ARDILA ARIAS
COALICIÓN FUERZA CIUDADANA,DIANA LUCIA CAMACHO DIAZ
COALICIÓN FUERZA CIUDADANA,JOSE ARISTARCO SIERRA PEREZ
COALICIÓN FUERZA CIUDADANA,FERNANDO BAUTISTA CASTAÑEDA
COALICIÓN FUERZA CIUDADANA,LIZ ALEJANDRA AVILA RODRIGUEZ
COALICIÓN FUERZA CIUDADANA,LEANDRO GUTIERREZ MOLINA
COALICIÓN FUERZA CIUDADANA,JOSE RICARDO LANDAETA LOPEZ
COALICIÓN FUERZA CIUDADANA,LIZETH MARIANA PEÑA NIÑO
COALICIÓN FUERZA CIUDADANA,ALEJANDRO EDILSON ORTIZ RAMOS
COALICIÓN FUERZA CIUDADANA,MARIA DE LOS REMEDIOS CHILEGUIT PANA
COALICIÓN FUERZA CIUDADANA,ROSA MARCELA FUQUENE MEDINA
COALICIÓN FUERZA CIUDADANA,SIDNEY SANCHEZ ROJAS
COALICIÓN FUERZA CIUDADANA,WILSON BURITICA GIRALDO
COALICIÓN FUERZA CIUDADANA,PEDRO TORRES HURTADO
COALICIÓN FUERZA CIUDADANA,ARTURO MANUEL BERMUDEZ MARTINEZ
COALICIÓN FUERZA CIUDADANA,PAULA ANDREA OSPINA
COALICIÓN FUERZA CIUDADANA,MAIRA MARIA YANCE ARAUJO
COALICIÓN FUERZA CIUDADANA,MANUEL ANGEL GONZALEZ CRUZ
COALICIÓN FUERZA CIUDADANA,DAVID SANTIAGO REYES OSORIO
COALICIÓN FUERZA CIUDADANA,RICARDO MONROY BENITEZ
COALICIÓN FUERZA CIUDADANA,FABIO ALEJANDRO ROJAS RESTREPO
COALICIÓN FUERZA CIUDADANA,FREDY ARMANDO CULMA APARICIO
COALICIÓN FUERZA CIUDADANA,HERNANDO NARANJO BAYONA
COALICIÓN FUERZA CIUDADANA,MATHEO AUGUSTO RINCON GALVIS
COALICIÓN FUERZA CIUDADANA,PATRICIA RIVERA
COALICIÓN FUERZA CIUDADANA,SANDRA ANGULO MINA
COALICIÓN FUERZA CIUDADANA,LUIS ENRIQUE HERNANDEZ CARO
COALICIÓN FUERZA CIUDADANA,DIEGO ARMANDO RUBIANO GUZMAN
MOVIMIENTO SALVACIÓN NACIONAL,WILSON RUIZ OREJUELA
MOVIMIENTO SALVACIÓN NACIONAL,ENRIQUE GOMEZ MARTINEZ
MOVIMIENTO SALVACIÓN NACIONAL,GERMAN ANDRES RODRIGUEZ PRIETO
MOVIMIENTO SALVACIÓN NACIONAL,JOHN ALEJANDRO BERMEO RODRIGUEZ
MOVIMIENTO SALVACIÓN NACIONAL,SARA JIMENA CASTELLANOS RODRIGUEZ
MOVIMIENTO SALVACIÓN NACIONAL,ALEJANDRO OSPINA ANGARITA
MOVIMIENTO SALVACIÓN NACIONAL,CARLOS FELIPE MEJIA MEJIA
MOVIMIENTO SALVACIÓN NACIONAL,JUAN CARLOS SALAZAR URIBE
MOVIMIENTO SALVACIÓN NACIONAL,TATIANA PAOLA VILLARREAL VELASQUEZ
MOVIMIENTO SALVACIÓN NACIONAL,JUAN CAMILO OSTOS ROMERO
MOVIMIENTO SALVACIÓN NACIONAL,CARLOS ALBERTO CUARTAS QUICENO
MOVIMIENTO SALVACIÓN NACIONAL,MARIA ANTONIA ESTUPIÑAN TELLEZ
MOVIMIENTO SALVACIÓN NACIONAL,PEDRO SANTIAGO RODRIGUEZ BETANCOURT
MOVIMIENTO SALVACIÓN NACIONAL,RAMON ELIAS LOPEZ SABOGAL
MOVIMIENTO SALVACIÓN NACIONAL,FRANKLIN JAIR PORTILLA TORO
MOVIMIENTO SALVACIÓN NACIONAL,OSCAR FELIPE HEILBRON PRETELT
MOVIMIENTO SALVACIÓN NACIONAL,FERNAN CAMILO FORTICH BARRIOS
MOVIMIENTO SALVACIÓN NACIONAL,JORGE EDUARDO MORA LOPEZ
MOVIMIENTO SALVACIÓN NACIONAL,CARLOS AUGUSTO VARGAS RODRIGUEZ
MOVIMIENTO SALVACIÓN NACIONAL,FERNANDO ANTONIO BASTO CORREA
MOVIMIENTO SALVACIÓN NACIONAL,JULIAN ANDRES ZAMUDIO GONZALEZ
MOVIMIENTO SALVACIÓN NACIONAL,OLGA LUCIA CARO JACOME
MOVIMIENTO SALVACIÓN NACIONAL,JOSE ANGEL ESPINOSA HENAO
MOVIMIENTO SALVACIÓN NACIONAL,MONICA GINETH DIAZ GAITAN
MOVIMIENTO SALVACIÓN NACIONAL,PIEDAD BIENVENIDA SAFRA ARREGOCES
MOVIMIENTO SALVACIÓN NACIONAL,MARTHA CECILIA ORTIZ RIVEROS
MOVIMIENTO SALVACIÓN NACIONAL,LEONARDO CUERVO VEGA
MOVIMIENTO SALVACIÓN NACIONAL,JAIME ANDRES BELTRAN MARTINEZ
MOVIMIENTO SALVACIÓN NACIONAL,ANDRES CICERI ANACONA
MOVIMIENTO SALVACIÓN NACIONAL,EDUARD BUITRAGO ACERO
MOVIMIENTO SALVACIÓN NACIONAL,ANDREA CATALINA ROSAS URREGO
MOVIMIENTO SALVACIÓN NACIONAL,MARIA NELCY CAMACHO PITA
MOVIMIENTO SALVACIÓN NACIONAL,PEDRO PABLO CONTRERAS PINILLOS
MOVIMIENTO SALVACIÓN NACIONAL,ANNY FARLEY MARTINEZ ARDILA
MOVIMIENTO SALVACIÓN NACIONAL,JOSE MILLER TOLEDO SANCHEZ
MOVIMIENTO SALVACIÓN NACIONAL,ZAYDA PATRICIA GARCIA BENITEZ
MOVIMIENTO SALVACIÓN NACIONAL,MAGALY DEL SOCORRO GONZALEZ FORTUNATO
MOVIMIENTO SALVACIÓN NACIONAL,CLAUDIA MARCELA UMAÑA APONTE
MOVIMIENTO SALVACIÓN NACIONAL,YAMILE ESTELA GALEANO QUINTERO
MOVIMIENTO SALVACIÓN NACIONAL,PAULA ANDREA CASTILLO ESLAVA
MOVIMIENTO SALVACIÓN NACIONAL,NANCY PATRICIA QUINTERO URREGO
MOVIMIENTO SALVACIÓN NACIONAL,DIANA SOCORRO PERAFAN HURTADO
MOVIMIENTO SALVACIÓN NACIONAL,CARLOS EDUARDO PIMIENTA TATIS
MOVIMIENTO SALVACIÓN NACIONAL,RICHARD MANCERA MANCERA
MOVIMIENTO SALVACIÓN NACIONAL,LINA MARCELA LONDOÑO OSORIO
MOVIMIENTO SALVACIÓN NACIONAL,ENRIQUE EDUARDO HERRERA ARAUJO
MOVIMIENTO SALVACIÓN NACIONAL,GERMAN ALBEIRO CASTRO CASTRO
MOVIMIENTO SALVACIÓN NACIONAL,LAURA YADYRA OJEDA CAMACHO
MOVIMIENTO SALVACIÓN NACIONAL,DORALBA TORRES LOPEZ
CREEMOS,JULIANA GUTIERREZ ZULUAGA
CREEMOS,ANDRES FELIPE BEDOYA RENDON
CREEMOS,ELIECER CAMACHO JIMENEZ
CREEMOS,WILDER ZAPATA TORRES
CREEMOS,SARA JARAMILLO GALLEGO
CREEMOS,NELSON BARRERA ROA
CREEMOS,JUAN DIEGO MUÑOZ COSSIO
CREEMOS,MARIA CATALINA RAMIREZ VELEZ
CREEMOS,ANGEL AUGUSTO SANCHEZ HERNANDEZ
CREEMOS,MARTHA ALICIA RESTREPO CORREA
CREEMOS,LUIS ERNESTO RIVERA ESCOBAR
CREEMOS,NATALIA EUGENIA LOPEZ FUENTES
CREEMOS,DIEGO ANDRES HERNANDEZ MOSQUERA
CREEMOS,LAURA MARCELA GAMBOA PATERNINA
CREEMOS,JHON ALEX MENDEZ VARGAS
CREEMOS,LIDA GREGORIA DRAGO CALY
CREEMOS,GUSTAVO ALONSO PINEDO POLO
CREEMOS,JUAN ALEJANDRO ANGEL ARANGO
CREEMOS,JORGE HUGO ARANGUREN OCAMPO
CREEMOS,CLAUDIA EUSEBIA CESPEDES CAMPOS
CREEMOS,SARA MARIA ARBELAEZ RAMIREZ
LA LISTA DE OVIEDO - CON TODA POR COLOMBIA,BETZY PATRICIA MARTINEZ ZAPATERO
LA LISTA DE OVIEDO - CON TODA POR COLOMBIA,FRANCISCO DANIEL GOMEZ ZULUAGA
LA LISTA DE OVIEDO - CON TODA POR COLOMBIA,JUAN FELIPE CARRILLO MORA
LA LISTA DE OVIEDO - CON TODA POR COLOMBIA,ADALIN SEPULVEDA LOZANO
LA LISTA DE OVIEDO - CON TODA POR COLOMBIA,MARIA CLAUDIA CANEDA BRUNAL
LA LISTA DE OVIEDO - CON TODA POR COLOMBIA,CARMEN MARIA CARRASCAL ALMENTERO
LA LISTA DE OVIEDO - CON TODA POR COLOMBIA,MONICA ALEJANDRA GOMEZ LAVERDE
LA LISTA DE OVIEDO - CON TODA POR COLOMBIA,ALVARO PIO VALENCIA VELEZ
PARTIDO POLÍTICO OXÍGENO,SOFIA ALEJANDRA GAVIRIA CORREA
PARTIDO POLÍTICO OXÍGENO,OSCAR ENRIQUE ORTIZ GONZALEZ
PARTIDO POLÍTICO OXÍGENO,DAVID RICARDO REYES CASTRO
PARTIDO POLÍTICO OXÍGENO,JUAN CARLOS CARDENAS REY
PARTIDO POLÍTICO OXÍGENO,BEATRIZ ELENA URIBE BOTERO
PARTIDO POLÍTICO OXÍGENO,SILVERIO GOMEZ CARMONA
PARTIDO POLÍTICO OXÍGENO,DEISY DORELLY GUANARO CHAVITA
PARTIDO POLÍTICO OXÍGENO,JOHN FRAN PINCHAO BLANCO
PARTIDO POLÍTICO OXÍGENO,OSCAR HORACIO FRANCO DURAN
PARTIDO POLÍTICO OXÍGENO,INGRID BETANCOURT PULECIO
PARTIDO POLÍTICO OXÍGENO,JULIA ELENA GUTIERREZ DE PIÑERES JALILIE
PARTIDO POLÍTICO OXÍGENO,GERMAN ANTONIO MARMOLEJO RENTERIA
PARTIDO POLÍTICO OXÍGENO,LUIS JAIME SALGAR VEGALARA
PARTIDO POLÍTICO OXÍGENO,ANA ELOISA ZUÑIGA BONFANTE
PARTIDO POLÍTICO OXÍGENO,ANDRES AUGUSTO CASTRO FORERO
PARTIDO POLÍTICO OXÍGENO,JORGE ALBERTO DUQUE ZAPATA
PARTIDO POLÍTICO OXÍGENO,CLAUDIA VASQUEZ MERCHAN
PARTIDO POLÍTICO OXÍGENO,SANDRA XIMENA ROJAS GALLEGO
PARTIDO POLÍTICO OXÍGENO,ALVARO AGUDELO MEDINA
PARTIDO POLÍTICO OXÍGENO,YENNIFER ANDREA LUCUMI GOMEZ
PARTIDO POLÍTICO OXÍGENO,NOLBERTO CARDOSO CASTRO
PARTIDO POLÍTICO OXÍGENO,MERCEDES CIFUENTES GALINDO
PARTIDO POLÍTICO OXÍGENO,MARTHA LETICIA SUAREZ ACUÑA
PARTIDO POLÍTICO OXÍGENO,LUZ DARY OTERO DORIA
PARTIDO POLÍTICO OXÍGENO,YOLANDA AREVALO PERDOMO
PARTIDO POLÍTICO OXÍGENO,DIBIER SANCHEZ
PARTIDO POLÍTICO OXÍGENO,DALLY JOHANA CASTILLO VERGEL
PARTIDO POLÍTICO OXÍGENO,NERY POLANIA ARCINIEGAS
PARTIDO POLÍTICO OXÍGENO,ALEXANDER VAQUIRO RODRIGUEZ
PARTIDO POLÍTICO OXÍGENO,ALBA LUZ CARMONA CARMONA
PARTIDO POLÍTICO OXÍGENO,ANA ISABEL CIFUENTES GALINDO
PARTIDO POLÍTICO OXÍGENO,NORMA CONSTANZA AGUDELO RIVERA
PARTIDO POLÍTICO OXÍGENO,HERIBERTO GONGORA VANEGAS
PARTIDO POLÍTICO OXÍGENO,NILLY YULIANA REYES AGUDELO
PARTIDO POLÍTICO OXÍGENO,LUZ MERY GALINDO GALINDO
PARTIDO POLÍTICO OXÍGENO,DANERIS SOTELO GARZON
PARTIDO POLÍTICO OXÍGENO,JUAN FERNANDO BETANCUR GONZALEZ
PARTIDO POLÍTICO OXÍGENO,ADEL ALFREDO GONZALEZ GUZMAN
PARTIDO POLÍTICO OXÍGENO,JOSE LUIS LEON MUNCA
PATRIOTAS,NANCY STELLA VERGARA MUÑOZ
PATRIOTAS,RAQUEL VICTORIA SIERRA CASSIANI
PATRIOTAS,MARTHA CECILIA VERA
PATRIOTAS,CARLOS ALBERTO GARCIA GRACIA
PATRIOTAS,EISYS LINETH SALAMANCA RODRIGUEZ
PATRIOTAS,VIVIANA MELISSA BELTRAN HOYOS
PATRIOTAS,VIVIAN ESTEFANI LOZANO ARANGO
PATRIOTAS,ALEJANDRA ZULUAGA FRANCO
PATRIOTAS,BERNARDO SEGURA ORTIZ
COLOMBIA SEGURA Y PRÓSPERA,LUIS ELIAS QUIROGA ARJONA
COLOMBIA SEGURA Y PRÓSPERA,ALBA GERMANIA CORTES QUIJANO
COLOMBIA SEGURA Y PRÓSPERA,MARIO RICARDO SANCHEZ TRONCOSO
COLOMBIA SEGURA Y PRÓSPERA,JAVIER GRANADOS RIOS
COLOMBIA SEGURA Y PRÓSPERA,JAIRO PEDRAZA COSTO
COLOMBIA SEGURA Y PRÓSPERA,LUZ YENNY GONZALEZ MONTES
COLOMBIA SEGURA Y PRÓSPERA,EDITH YOLIMA FERNANDEZ AFRICANO
COLOMBIA SEGURA Y PRÓSPERA,CESAR AUGUSTO FERNANDEZ AFRICANO
COLOMBIA SEGURA Y PRÓSPERA,HOLMAN EDUARDO SANCHEZ TAFUR
COLOMBIA SEGURA Y PRÓSPERA,PATRICIA SABOGAL AMAYA
COLOMBIA SEGURA Y PRÓSPERA,MARTHA LEONOR OCHOA RODRIGUEZ
"MOVIMIENTO AUTORIDADES INDÍGENAS DE COLOMBIA ""AICO""",RUBEN MARINO BORJE
"MOVIMIENTO AUTORIDADES INDÍGENAS DE COLOMBIA ""AICO""",JESUS OMERO CUASAPUD CHASPUENGAL
"MOVIMIENTO AUTORIDADES INDÍGENAS DE COLOMBIA ""AICO""",MARIA ESPERANZA TARAPUEZ GUEPUD
"MOVIMIENTO ALTERNATIVO INDÍGENA Y SOCIAL ""MAIS""",MARTHA ISABEL PERALTA EPIEYU
"MOVIMIENTO ALTERNATIVO INDÍGENA Y SOCIAL ""MAIS""",JULIO CESAR ESTRADA CORDERO
"MOVIMIENTO ALTERNATIVO INDÍGENA Y SOCIAL ""MAIS""",NELSON CUCUÑAME LULIGO
ASOCIACIÓN DE AUTORIDADES TRADICIONALES INDÍGENAS,ZUNILDA AMAYA URIANA
ASOCIACIÓN DE AUTORIDADES TRADICIONALES INDÍGENAS,RICHARD HUMBERTO FUELANTALA DELGADO
ASOCIACIÓN DE AUTORIDADES TRADICIONALES INDÍGENAS,ANTONIO DE JESUS GUEVARA BETANCUR
"ASOCIACIÓN NACIONAL INDÍGENA DE COLOMBIA ""ANIC""",ANDRES AGREDA CHICUNQUE
ACMIZSAM,CARLOS ALBERTO REDONDO RINCON
MOVIMIENTO UNIDAD EN MINGA POR COLOMBIA,LUZ EMILSE PANCHI
MOVIMIENTO UNIDAD EN MINGA POR COLOMBIA,JOSE WILMAN TUMBO CHEPE
MOVIMIENTO UNIDAD EN MINGA POR COLOMBIA,MANUEL JESUS MAVISOY JUAGIBIOY
ASOCIACIÓN DE CABILDOS INDÍGENAS POR COLOMBIA,LOT USIEL VILLAZON ARIAS
ASOCIACIÓN DE CABILDOS INDÍGENAS POR COLOMBIA,MARIA YANETH CASTILLO MARCHENA
ASOCIACIÓN DE CABILDOS INDÍGENAS POR COLOMBIA,ATANACIO MOSCOTE GIL
TRIETNICO GOBERNATIVO TRIGO,JOSE MANUEL MAESTRE BELLO
TRIETNICO GOBERNATIVO TRIGO,HERMES BOCANEGRA BARBOSA
TRIETNICO GOBERNATIVO TRIGO,MARIA ARIXMENDI JULIAN USNAS
CABILDO INDÍGENA TEVIS,FABIAN JOSE ARRIETA ALDANA
MOVIMIENTO SI,ROSA ELENA MONTAÑO SALGADO
MOVIMIENTO SI,OSWALDO WILFREDO HUETIO PRIETO
